tree
version=v4
num_class=1
num_tree_per_iteration=1
label_index=0
max_feature_idx=450
objective=binary sigmoid:1
feature_names=aac(3)-II aac(3)-IId aac(3)-IIe aac(3)-IIg aac(3)-IVa aac(3)-Ib aac(3)-VIa aac(6')-33 aac(6')-E606 aac(6')-Ib aac(6')-Ib' aac(6')-Ib-cr aac(6')-Ib-cr5 aac(6')-Ib3 aac(6')-Ib4 aac(6')-Il aacA43 aadA1 aadA10 aadA16 aadA2 aadA3 aadA5 aadD1 acrR_M109I acrR_V165I acrR_Y114F ampC-Kaer ampC_Kaer-1 ant(2'')-Ia ant(6)-Ia aph(3'')-Ib aph(3')-IIIa aph(3')-Ia aph(3')-VI aph(3')-VIb aph(4)-Ia aph(6)-Id aphA16 armA arr arr-2 arr-3 arr-4 blaCARB-2 blaCMY-16 blaCMY-2 blaCMY-4 blaCTX-M blaCTX-M-14 blaCTX-M-15 blaCTX-M-220 blaCTX-M-3 blaCTX-M-65 blaDHA blaDHA-1 blaDHA-6 blaFOX-5 blaIMP-18 blaIMP-4 blaKPC blaKPC-2 blaKPC-3 blaKPC-4 blaKPC-45 blaLAP blaLAP-2 blaLEN blaLEN-13 blaLEN-16 blaLEN-17 blaLEN-2 blaLEN-9 blaMUS blaNDM blaNDM-1 blaNDM-5 blaNDM-50 blaNDM-7 blaOKP-A blaOKP-A-10 blaOKP-A-71 blaOKP-A-72 blaOKP-B-15 blaOKP-B-23 blaOKP-B-5 blaOKP-B-54 blaOKP-B-6 blaOKP-B-79 blaOXA blaOXA-1 blaOXA-10 blaOXA-1451 blaOXA-163 blaOXA-181 blaOXA-2 blaOXA-204 blaOXA-232 blaOXA-48 blaOXA-9 blaOXY-5-9 blaR1 blaSCO-1 blaSHV blaSHV-1 blaSHV-100 blaSHV-108 blaSHV-11 blaSHV-110 blaSHV-111 blaSHV-119 blaSHV-12 blaSHV-120 blaSHV-133 blaSHV-14 blaSHV-157 blaSHV-164 blaSHV-168 blaSHV-187 blaSHV-193 blaSHV-2 blaSHV-205 blaSHV-207 blaSHV-217 blaSHV-220 blaSHV-236 blaSHV-25 blaSHV-254 blaSHV-26 blaSHV-27 blaSHV-28 blaSHV-2A blaSHV-30 blaSHV-31 blaSHV-32 blaSHV-33 blaSHV-36 blaSHV-37 blaSHV-38 blaSHV-40 blaSHV-41 blaSHV-42 blaSHV-49 blaSHV-5 blaSHV-52 blaSHV-57 blaSHV-60 blaSHV-61 blaSHV-62 blaSHV-63 blaSHV-7 blaSHV-71 blaSHV-75 blaSHV-76 blaSHV-77 blaSHV-80 blaSHV_C-112A blaTEM blaTEM-1 blaTEM-206 blaTEM-24 blaVIM-1 blaVIM-2 blaVIM-4 blaZ ble catA1 catA2 catB catB11 catB3 cirA_A48RfsTer13 cirA_D443TerfsTer0 cirA_E528Ter cirA_I124TfsTer5 cirA_N122TfsTer45 cirA_Q562Ter cirA_Q64Ter cirA_R269AfsTer8 cirA_S419Ter cirA_W241Ter cirA_W615Ter cmlA cmlA1 cmlA4 cmlA5 crrB_L94M dfrA1 dfrA12 dfrA14 dfrA15 dfrA16 dfrA17 dfrA18 dfrA19 dfrA21 dfrA22 dfrA26 dfrA27 dfrA30 dfrA33 dfrA35 dfrA5 dfrA50 dfrA7 dfrA8 dfrB3 dfrB5 ere(A) ere(B) erm(42) erm(A) erm(B) estX-3 floR floR2 fosA fosA10 fosA3 fosA5 fosA7 fosA9 ftsI_A413V ftsI_L367Q gyrA_D87A gyrA_D87G gyrA_D87N gyrA_D87Y gyrA_S83F gyrA_S83I gyrA_S83T gyrA_S83Y mgrB_D31N mgrB_K3Ter mgrB_K43Ter mgrB_L18Ter mgrB_L4Ter mgrB_N25KfsTer9 mgrB_N25RfsTer14 mgrB_N25TfsTer1 mgrB_N42IfsTer30 mgrB_Q30Ter mgrB_W47R mgrB_W6Ter mph(A) mph(C) mph(E) mrdA_T529N mrx(A) msr(E) nfsB_D198Y nfsB_E102Ter nfsB_E131Ter nfsB_E26Ter nfsB_E28Ter nfsB_K130QfsTer5 nfsB_K21SfsTer1 nfsB_Q35Ter nfsB_Q96Ter nfsB_V167GfsTer7 nfsB_W46Ter nfsB_W94Ter ompK35_A119GfsTer13 ompK35_A170GfsTer83 ompK35_D165AfsTer85 ompK35_E132K ompK35_E312Ter ompK35_E42RfsTer47 ompK35_F300LfsTer25 ompK35_G208VfsTer5 ompK35_G62AfsTer1 ompK35_I69SfsTer1 ompK35_K235Ter ompK35_L14GfsTer11 ompK35_N116PfsTer1 ompK35_N116RfsTer13 ompK35_N29TfsTer34 ompK35_P12SfsTer10 ompK35_Q288Ter ompK35_R60LfsTer31 ompK35_S86VfsTer3 ompK35_T47PfsTer16 ompK35_T96PfsTer7 ompK35_W138Ter ompK35_W230Ter ompK35_W316CfsTer7 ompK35_W316Ter ompK35_W79Ter ompK35_Y108TerfsTer0 ompK35_Y113TerfsTer0 ompK35_Y274Ter ompK36_A251EfsTer51 ompK36_A323RfsTer50 ompK36_D135DD ompK36_D135DGD ompK36_D91VfsTer11 ompK36_E131Ter ompK36_E181Ter ompK36_E282Ter ompK36_G108LfsTer9 ompK36_G133D ompK36_K27IfsTer5 ompK36_L165AfsTer1 ompK36_L234Ter ompK36_N141RfsTer2 ompK36_P130RfsTer5 ompK36_Q170Ter ompK36_Q196Ter ompK36_Q262PfsTer55 ompK36_Q301Ter ompK36_Q313Ter ompK36_Q70Ter ompK36_Q76Ter ompK36_S124VfsTer16 ompK36_S185RfsTer8 ompK36_T136TDT ompK36_W125Ter ompK36_Y153Ter ompK36_Y255Ter oqxA oqxA10 oqxA11 oqxA3 oqxA6 oqxB oqxB14 oqxB15 oqxB16 oqxB19 oqxB20 oqxB21 oqxB22 oqxB25 oqxB27 oqxB32 oqxB5 oqxB6 oqxB9 oqxR_D95AfsTer23 oqxR_D95E oqxR_E118GfsTer7 oqxR_E20TerfsTer0 oqxR_K88NfsTer34 oqxR_L122AfsTer24 oqxR_L89TfsTer6 oqxR_N62KfsTer15 oqxR_P70RfsTer49 oqxR_P70SfsTer48 oqxR_P94GfsTer18 oqxR_Q11RfsTer5 oqxR_Q21Ter oqxR_V113I oqxR_V137RfsTer15 oqxR_W108Ter oqxR_W90Ter parC_E84K parC_S80I pmrA_G53S pmrA_S42N pmrB_S208N pmrB_T140P pmrB_T157P qacE qacEdelta1 qacF qacG2 qacL qnrA qnrA1 qnrA6 qnrB qnrB1 qnrB10 qnrB17 qnrB19 qnrB2 qnrB4 qnrB6 qnrB9 qnrB91 qnrE1 qnrS qnrS1 qnrVC1 ramR_A105SfsTer17 ramR_A19V ramR_E102SfsTer17 ramR_E118Ter ramR_E140Ter ramR_E57Ter ramR_F48SfsTer22 ramR_F48TerfsTer0 ramR_G96AfsTer27 ramR_H103PfsTer74 ramR_H103RfsTer15 ramR_H103RfsTer22 ramR_H186LfsTer5 ramR_I106SfsTer10 ramR_I115PfsTer40 ramR_I115RfsTer42 ramR_K10SfsTer16 ramR_K139SfsTer85 ramR_K9Ter ramR_L111PfsTer11 ramR_L111RfsTer72 ramR_L154CfsTer43 ramR_L156CfsTer71 ramR_L66AfsTer5 ramR_L66AfsTer95 ramR_L66NfsTer112 ramR_M101PfsTer61 ramR_M133CfsTer5 ramR_N87LfsTer90 ramR_N99PfsTer82 ramR_N99QfsTer83 ramR_P76RfsTer85 ramR_Q11TfsTer40 ramR_Q122Ter ramR_Q23Ter ramR_R108SfsTer12 ramR_R80EfsTer98 ramR_R98VfsTer13 ramR_S137Ter ramR_S29PfsTer42 ramR_T43M ramR_T50IfsTer23 ramR_V138IfsTer40 ramR_V39RfsTer15 ramR_V97NfsTer2 ramR_W95LfsTer4 ramR_W95Ter ramR_W95VfsTer13 ramR_Y147Ter ramR_Y47CfsTer26 ramR_Y47HfsTer3 rmtB1 rmtF rmtF1 rpsJ_V57L sat2 smr sul1 sul2 sul3 tet(A) tet(B) tet(C) tet(D) tet(G) tet(M) vanR-A
feature_infos=none [0:1] [0:1] none [0:1] none none none none [0:1] [0:1] none [0:1] [0:1] none [0:1] none [0:1] none [0:1] [0:1] none [0:1] none none [0:1] [0:1] [0:1] [0:1] [0:1] none [0:1] none [0:1] [0:1] [0:1] [0:1] [0:1] none [0:1] [0:1] [0:1] [0:1] none [0:1] [0:1] [0:1] [0:1] [0:1] [0:1] [0:1] none none none none none none [0:1] none none none [0:1] [0:1] none none none none none none none [0:1] none none none none [0:1] [0:1] none none none none none none none none none none [0:1] none [0:1] [0:1] [0:1] none none [0:1] [0:1] [0:1] [0:1] [0:1] [0:1] none none [0:1] [0:1] [0:1] none none [0:1] none none none [0:1] none none none none none none none none none none none none none none none none [0:1] [0:1] [0:1] none none none none none none none none none none none none none none none none none none none [0:1] none none none none none [0:1] [0:1] [0:1] none none none none none none [0:1] [0:1] [0:1] [0:1] [0:1] [0:1] none none none none none none none none none none none [0:1] [0:1] none [0:1] none [0:1] [0:1] [0:1] [0:1] none [0:1] none [0:1] none none none [0:1] none none none [0:1] [0:1] none none none none [0:1] none none none [0:1] [0:1] [0:1] none [0:1] [0:1] none none [0:1] none none none [0:1] [0:1] [0:1] [0:1] [0:1] [0:1] [0:1] [0:1] none none none none [0:1] none none none none none none none [0:1] none [0:1] none [0:1] [0:1] none none none none none none [0:1] [0:1] none none none none none none [0:1] none none [0:1] none none [0:1] none none [0:1] none [0:1] none [0:1] none [0:1] none none [0:1] none none none none none none none none none none [0:1] [0:1] none none none none none none none none none none none none none none none none [0:1] none none none [0:1] [0:1] none none [0:1] none [0:1] none none [0:1] none none none [0:1] [0:1] none none [0:1] none [0:1] [0:1] none none none [0:1] none none none none none none none none none none none [0:1] none none none [0:1] [0:1] none none none none none [0:1] [0:1] none none [0:1] none [0:1] [0:1] none [0:1] none none [0:1] [0:1] [0:1] none none none none none [0:1] none none [0:1] none none none none none none none none none none none none none none none none none none none none none none none none none none none none none none none [0:1] none none none none none none none [0:1] none none none none none none none none none none [0:1] [0:1] none [0:1] none [0:1] [0:1] [0:1] [0:1] [0:1] none [0:1] none none none
tree_sizes=1910 1493 1506 1719 1961 1944 1621 2070 1923 1601 1630 1839 1853 2220 1742 1841 1421 1739 1816 2078 1731 1830 1745 1694 1494 1439 1522 1755 1821 1880 1701 1509 1523 1311 1500 1916 1308 1932 1301 1629 1276 2024 1847 1703 1666 1707 1499 1891 1001 1824 2084 1633 1513 1993 1752 1290 1582 1470 1830 1681 1621 1381 1188 1396 1591 1811 1615 1329 1648 1301 1801 1575 1334 1209 997 1800 1700 1779 1232 1640 1585 1238 1492 1811 1403 1425 1608 1475 1490 1587 1684 1096 1112 1265 1815 1720 1284 1479 1616 1303 1578 1617 1193 1871 2011 1897 1577 1197 1615 1175 1339 1234 1283 1284 1112 1403 1513 1182 1476 1206 1183 1276 1302 1506 1649 1091 1774 1308 1424 1781 1520 1484 1116 1588 1470 1572 1606 1672 1633 1491 1805 1093 1196 1473 1605 1965 1606 1668 1604 1397 1767 1791 1498 1712 1470 1377 1679 1711 1673 1512 1337 1486 1589 1387 1337 1288 1745 1165 1159 1807 1767 1434 1519 1420 1473 1562 1789 1546 1591 1515 1510 1585

Tree=0
num_leaves=17
num_cat=0
split_feature=356 39 104 9 104 441 31 168 35 4 103 4 371 103 90 324
split_gain=105.086 46.6207 42.0974 32.872 45.2148 26.9957 11.9248 5.17539 2.2256 1.94272 1.64459 2.30083 1.52299 2.42286 0.880965 0.202063
threshold=1.0000000180025095e-35 1.0000000180025095e-35 1.0000000180025095e-35 1.0000000180025095e-35 1.0000000180025095e-35 1.0000000180025095e-35 1.0000000180025095e-35 1.0000000180025095e-35 1.0000000180025095e-35 1.0000000180025095e-35 1.0000000180025095e-35 1.0000000180025095e-35 1.0000000180025095e-35 1.0000000180025095e-35 1.0000000180025095e-35 1.0000000180025095e-35
decision_type=2 2 2 2 2 2 2 2 2 2 2 2 2 2 2 2
left_child=2 3 6 4 9 -4 -1 10 -6 12 11 -5 13 -2 15 -8
right_child=1 -3 5 7 8 -7 14 -9 -10 -11 -12 -13 -14 -15 -16 -17
leaf_value=-1.1644075997698304 -1.1095897110723016 -1.002887442835271 -1.1561829004861621 -1.0431632336515664 -1.0660452074575946 -1.0324178761766125 -1.1210998733914506 -1.0060304904735804 -1.0149752154439615 -1.1561829004861621 -1.0879338519170152 -1.1085686462397912 -1.1391579275179751 -1.15083844851197 -1.1013107935722393 -1.1398398002376564
leaf_weight=16.64926931262017 8.0296477675437892 11.399500370025633 2.0349106937646857 11.324503496289257 4.514802023768425 5.4847595542669296 1.6799263060092919 3.9898251295089713 3.6048419922590256 2.0349106937646875 3.3748519867658606 1.309942543506623 4.2698126435279837 1.2949431687593467 2.6198850870132446 0.73996752500534047
leaf_count=90 33 20 11 30 14 13 7 7 7 11 12 5 21 7 10 4
internal_value=-1.0836 -1.05888 -1.12962 -1.07391 -1.0993 -1.06843 -1.15172 -1.04472 -1.04101 -1.12838 -1.05557 -1.04844 -1.12528 -1.11736 -1.11356 -1.12528
internal_weight=84.3563 55.1476 29.2087 43.7481 23.749 7.51967 21.689 19.9991 8.11964 15.6293 16.0093 12.6344 13.5944 9.32459 5.03978 2.41989
internal_count=302 167 135 147 93 24 111 54 21 72 47 35 61 40 21 11
is_linear=0
shrinkage=1


Tree=1
num_leaves=13
num_cat=0
split_feature=39 9 35 231 214 19 363 244 294 62 33 33
split_gain=78.0667 79.966 60.5165 27.8642 18.9906 17.8252 10.031 14.6478 9.90603 7.7275 4.2885 2.30228
threshold=1.0000000180025095e-35 1.0000000180025095e-35 1.0000000180025095e-35 1.0000000180025095e-35 1.0000000180025095e-35 1.0000000180025095e-35 1.0000000180025095e-35 1.0000000180025095e-35 1.0000000180025095e-35 1.0000000180025095e-35 1.0000000180025095e-35 1.0000000180025095e-35
decision_type=2 2 2 2 2 2 2 2 2 2 2 2
left_child=1 2 3 4 5 10 7 -3 -5 -8 -1 -6
right_child=-2 6 -4 8 11 -7 9 -9 -10 -11 -12 -13
leaf_value=-0.030268386249992448 0.11170129271162657 0 0.10557038953755404 -0.019305935167314252 0.016004155063078979 0.083191414508254319 0.10024208313298986 0.085380674935015319 0.075854153788955214 0.042852433785795105 0 0.099649863214465853
leaf_weight=30.483351036906242 12.099370956420897 4.3694984018802669 4.9725232273340216 0.91568587720394035 1.3219429254531851 1.356560856103896 12.451702341437342 3.549970805644989 4.6531148850917816 4.2481036633253089 4.4653808027505866 1.1932944059371948
leaf_count=160 20 19 9 5 5 3 25 8 12 14 20 2
internal_value=0.0395904 0.0275367 0.00479774 -0.00606855 -0.0155789 -0.0215701 0.0723519 0.0394928 0.0567966 0.0867891 -0.0261857 0.0632915
internal_weight=86.0805 73.9811 49.3619 44.3893 38.8205 36.3053 24.6193 7.91947 5.5688 16.6998 34.9487 2.51524
internal_count=302 282 216 207 190 183 66 27 17 39 180 7
is_linear=0
shrinkage=0.0304053


Tree=2
num_leaves=13
num_cat=0
split_feature=356 104 39 363 41 447 104 37 371 227 90 328
split_gain=85.3392 36.3999 32.2212 21.7178 14.7463 13.7237 14.6496 12.0379 6.04224 5.67826 0.699241 0.644139
threshold=1.0000000180025095e-35 1.0000000180025095e-35 1.0000000180025095e-35 1.0000000180025095e-35 1.0000000180025095e-35 1.0000000180025095e-35 1.0000000180025095e-35 1.0000000180025095e-35 1.0000000180025095e-35 1.0000000180025095e-35 1.0000000180025095e-35 1.0000000180025095e-35
decision_type=2 2 2 2 2 2 2 2 2 2 2 2
left_child=1 7 4 -3 5 6 8 -1 9 -2 -9 -10
right_child=2 3 -4 -5 -6 -7 -8 10 11 -11 -12 -13
leaf_value=-0.038498349279170611 0.029357323622756101 -0.030054775773212493 0.10301917866799543 0.080436652205590334 0.096861512836047894 0.069981200389092016 0.079596887626418228 0 -0.028133082643475915 -0.026899900381635474 0.024238589939440804 0
leaf_weight=16.286394029855735 19.704882100224506 1.9739447534084309 12.710235118865965 5.9565397799015045 5.236607462167739 10.718702852725981 4.4682590663433066 2.2537992745637885 1.6272834688425053 1.4568259119987477 2.6114646196365356 2.5503732264041901
leaf_count=91 72 11 20 13 9 27 10 10 9 8 10 12
internal_value=0.0377501 -0.00420787 0.0589422 0.05054 0.0462802 0.03927 0.0275843 -0.0256361 0.0176561 0.0245843 0.0135165 -0.0128894
internal_weight=87.5553 29.0821 58.4732 7.93048 45.7629 40.5263 29.8076 21.1517 25.3394 21.1617 4.86526 4.17766
internal_count=302 135 167 24 147 138 111 111 101 80 20 21
is_linear=0
shrinkage=0.0304053


Tree=3
num_leaves=15
num_cat=0
split_feature=39 104 166 168 19 37 436 98 371 37 315 168 226 244
split_gain=59.1246 39.2814 35.6072 25.2339 21.7858 20.7553 10.7004 9.36572 6.44082 4.14897 4.85621 2.88443 3.36818 1.51216
threshold=1.0000000180025095e-35 1.0000000180025095e-35 1.0000000180025095e-35 1.0000000180025095e-35 1.0000000180025095e-35 1.0000000180025095e-35 1.0000000180025095e-35 1.0000000180025095e-35 1.0000000180025095e-35 1.0000000180025095e-35 1.0000000180025095e-35 1.0000000180025095e-35 1.0000000180025095e-35 1.0000000180025095e-35
decision_type=2 2 2 2 2 2 2 2 2 2 2 2 2 2
left_child=1 2 3 4 5 6 -1 -7 -3 10 -4 12 -10 -11
right_child=-2 8 9 -5 -6 7 -8 -9 11 13 -12 -13 -14 -15
leaf_value=-0.038740802297499585 0.095824747373871588 0.06899888262974796 0.065154158866425102 0.083298744529717292 0.08255444767106182 0 0.081658520934748333 0.068259613674126224 -0.027924265410595891 -0.019829026956166802 0.0131635519212446 0.069496166215079813 0.047163803764165374 0.031927921971975727
leaf_weight=21.896011471748356 13.240461349487303 17.414398849010471 11.180488944053648 2.8011718839406958 2.0916854441165915 9.1435327827930433 0.60455060005187888 2.3853406161069861 1.6114592552185056 0.92742079496383723 3.1018970161676416 0.65683031082153309 0.83147333562374104 1.010097548365593
leaf_count=123 20 41 29 5 4 41 1 6 9 5 12 1 2 3
internal_value=0.0360352 0.0253176 0.0115275 -0.00379453 -0.0110797 -0.0173989 -0.034653 0.0146287 0.0614539 0.0494604 0.0551965 0.0129232 0 0
internal_weight=88.8968 75.6564 55.1422 38.9223 36.1211 34.0294 22.5006 11.5289 20.5142 16.2199 14.2824 3.09976 2.44293 1.93752
internal_count=302 282 229 180 175 171 124 47 53 49 41 12 11 8
is_linear=0
shrinkage=0.0304053


Tree=4
num_leaves=17
num_cat=0
split_feature=356 104 39 9 104 363 37 62 231 35 98 170 98 62 35 36
split_gain=70.2448 31.6023 24.0817 21.7907 30.215 18.3244 11.341 6.66449 3.28461 3.23337 3.15094 3.02103 2.14346 2.78817 1.17791 0.0603145
threshold=1.0000000180025095e-35 1.0000000180025095e-35 1.0000000180025095e-35 1.0000000180025095e-35 1.0000000180025095e-35 1.0000000180025095e-35 1.0000000180025095e-35 1.0000000180025095e-35 1.0000000180025095e-35 1.0000000180025095e-35 1.0000000180025095e-35 1.0000000180025095e-35 1.0000000180025095e-35 1.0000000180025095e-35 1.0000000180025095e-35 1.0000000180025095e-35
decision_type=2 2 2 2 2 2 2 2 2 2 2 2 2 2 2 2
left_child=1 6 3 4 7 -3 -1 8 10 11 -2 -8 13 -5 -6 -15
right_child=2 5 -4 12 14 -7 9 -9 -10 -11 -12 -13 -14 15 -16 -17
leaf_value=-0.037785451287072044 -0.004626307931279364 -0.029622150928001672 0.089763766758962998 0.081206290342943549 0.045008246947295896 0.071419248510237357 -0.028710177440753167 -0.035854690051570201 0.07631102771717202 0.077876554491756483 0.035606370531683557 0.023210616225478743 0.030926222845983932 0.052137893222746957 0.084051214112672412 0.012111818964987619
leaf_weight=15.634727880358698 8.4590804725885338 1.9406456351280228 13.697366714477537 11.810394078493124 5.0913866758346558 6.3261460959911346 1.6561029404401768 4.4088914543390283 0.62705665826797563 0.62037789821624745 2.1807120442390451 2.6438043117523193 3.5480820536613455 5.7490659207105628 4.2216927260160446 1.3897475451231001
leaf_count=91 40 11 20 22 14 13 9 24 1 1 7 10 11 16 7 5
internal_value=0.0345327 -0.00399404 0.0529913 0.0419802 0.0212787 0.0454013 -0.0247867 -0.0033512 0.00768807 0.0126586 0.0018419 0 0.0641252 0.0693344 0.0647636 0.0470122
internal_weight=90.0053 28.8218 61.1835 47.4861 24.9888 8.26679 20.555 15.6757 11.2668 4.92029 10.6398 4.29991 22.4973 18.9492 9.31308 7.13881
internal_count=302 135 167 147 93 24 111 72 48 20 47 19 54 43 21 21
is_linear=0
shrinkage=0.0304053


Tree=5
num_leaves=17
num_cat=0
split_feature=39 9 104 37 97 19 35 99 363 363 244 62 103 61 50 50
split_gain=46.7303 56.5802 43.8199 9.72625 8.15858 8.8117 8.06849 11.4129 7.32908 6.33656 10.9949 4.15456 6.82741 4.95558 2.23905 1.83595
threshold=1.0000000180025095e-35 1.0000000180025095e-35 1.0000000180025095e-35 1.0000000180025095e-35 1.0000000180025095e-35 1.0000000180025095e-35 1.0000000180025095e-35 1.0000000180025095e-35 1.0000000180025095e-35 1.0000000180025095e-35 1.0000000180025095e-35 1.0000000180025095e-35 1.0000000180025095e-35 1.0000000180025095e-35 1.0000000180025095e-35 1.0000000180025095e-35
decision_type=2 2 2 2 2 2 2 2 2 2 2 2 2 2 2 2
left_child=1 2 3 4 5 -1 7 15 14 10 -3 13 -13 -11 -5 -4
right_child=-2 9 6 8 -6 -7 -8 -9 -10 11 -12 12 -14 -15 -16 -17
leaf_value=-0.033922208480258439 0.084586999833256862 0 0.028726113253700922 0.056094221631210958 0.071663547448648071 0.071185866287414828 0.080865454047082605 0.080777566048735053 -0.033515441079715109 0.088308983180147974 0.069481109689792042 0.057217016443156271 -0.022313218713541767 0.026458099334613749 0.010692149335074157 -0.0013293961611313958
leaf_weight=21.729650259017951 14.087449312210081 4.5021079927682894 2.3233630210161191 1.7328096181154231 0.64725708961486716 0.64936017990112205 5.0283153355121604 2.8482903242111206 2.7806138694286338 11.77430108189583 3.9477219134569168 3.5566808730363837 0.98134480416774739 2.3802957236766806 6.9544540792703629 5.0111393183469772
leaf_count=124 20 19 7 5 1 1 8 5 15 18 8 9 5 7 29 21
internal_value=0.0331585 0.0234812 0.00379125 -0.0147494 -0.0263256 -0.030016 0.0470794 0.028515 0.00683937 0.0588355 0.0324601 0.0697364 0.0358334 0.079256 0.0219476 0.00560978
internal_weight=90.9352 76.8477 49.7053 34.4941 23.0263 22.379 15.2111 10.1828 11.4679 27.1425 8.44983 18.6926 4.53803 14.1546 8.68726 7.3345
internal_count=302 282 216 175 126 125 41 33 49 66 27 39 14 25 34 28
is_linear=0
shrinkage=0.0304053


Tree=6
num_leaves=14
num_cat=0
split_feature=356 104 39 441 37 227 328 224 188 35 442 371 4
split_gain=59.3797 27.8475 18.7566 15.9623 10.6446 7.82187 6.8446 7.13684 4.22245 3.61835 2.73753 2.8859 2.23834
threshold=1.0000000180025095e-35 1.0000000180025095e-35 1.0000000180025095e-35 1.0000000180025095e-35 1.0000000180025095e-35 1.0000000180025095e-35 1.0000000180025095e-35 1.0000000180025095e-35 1.0000000180025095e-35 1.0000000180025095e-35 1.0000000180025095e-35 1.0000000180025095e-35 1.0000000180025095e-35
decision_type=2 2 2 2 2 2 2 2 2 2 2 2 2
left_child=1 4 5 -3 -1 6 7 9 -5 12 -6 -12 -2
right_child=2 3 -4 8 10 -7 -8 -9 -10 -11 11 -13 -14
leaf_value=-0.037170412754436714 0.045523326920201494 -0.029310038510773861 0.080113747997371199 0.078692534921342691 0.069745225803354849 -0.02498095573217762 0 0.00029355679118574766 0.0051772696978626869 0.076671609692816278 -0.028623111853768875 0.022126936002605818 0.01002513404242344
leaf_weight=15.033685117959978 32.199173212051392 1.9166055768728272 14.416544437408445 5.090559259057045 0.65572649240493674 1.3659784346818913 2.7548349350690833 4.0550172328948966 1.5143906623125074 5.149389684200286 1.6519080996513364 2.6781525462865829 3.2192161530256262
leaf_count=91 89 11 20 8 1 8 13 17 5 8 9 10 12
internal_value=0.0319079 -0.00387674 0.0483786 0.0413408 -0.0240755 0.0385992 0.0408344 0.0437285 0.0647195 0.0476017 0.0116016 0 0.042834
internal_weight=91.7012 28.541 63.1602 8.52156 20.0195 48.7436 47.3776 44.6228 6.60495 40.5678 4.98579 4.33006 35.4184
internal_count=302 135 167 24 111 147 139 126 13 109 20 19 101
is_linear=0
shrinkage=0.0304053


Tree=7
num_leaves=18
num_cat=0
split_feature=9 231 442 19 1 50 444 441 248 104 444 249 50 214 229 103 444
split_gain=37.2804 29.3386 46.5454 17.5588 8.31516 18.6962 4.59094 4.36588 10.1942 5.15815 3.91978 2.16299 1.58523 1.33995 0.835358 0.587668 0.0437677
threshold=1.0000000180025095e-35 1.0000000180025095e-35 1.0000000180025095e-35 1.0000000180025095e-35 1.0000000180025095e-35 1.0000000180025095e-35 1.0000000180025095e-35 1.0000000180025095e-35 1.0000000180025095e-35 1.0000000180025095e-35 1.0000000180025095e-35 1.0000000180025095e-35 1.0000000180025095e-35 1.0000000180025095e-35 1.0000000180025095e-35 1.0000000180025095e-35 1.0000000180025095e-35
decision_type=2 2 2 2 2 2 2 2 2 2 2 2 2 2 2 2 2
left_child=1 2 3 -1 5 10 -6 8 9 -2 -4 16 15 -3 -10 -9 -7
right_child=7 13 4 -5 6 11 -8 12 14 -11 -12 -13 -14 -15 -16 -17 -18
leaf_value=-0.030354946486215138 -0.03178038231543482 0.062395369909743467 0.0015416509857504904 0.078901683214603502 0.0053898710463676251 -0.027289164633386508 0.082598000533148794 0.057474316408288206 0.031797052198342543 0.034302084885082927 0.068105736468129119 0.032422198659895304 0.077351749370660375 0.0096129200251983439 0.083366964854486414 0.022222557194175294 -0.0068133684404009928
leaf_weight=23.423759534955028 2.2047661542892438 10.937627807259556 1.6271567493677181 1.3555257320404042 1.4769368916749943 1.4660454392433164 4.877291202545166 8.9280577152967435 2.1049708425998688 2.155478447675705 6.3592230081558228 0.92589025199413288 11.755327433347702 1.3808218240737922 2.749737560749054 2.5497944802045831 6.1451048851013184
leaf_count=133 12 21 6 2 5 8 7 20 5 6 12 2 17 5 4 8 29
internal_value=0.0307022 0.0160542 0.0048049 -0.0236043 0.0364047 0.0232317 0.0676491 0.0571882 0.0346439 0 0.0569258 -0.00607299 0.0653078 0.0580233 0.0649449 0.0513041 -0.0132595
internal_weight=92.4235 59.9754 47.6569 24.7793 22.8776 16.5234 6.35423 32.4481 9.21495 4.36024 7.98638 8.53704 23.2332 12.3184 4.85471 11.4779 7.61115
internal_count=302 230 204 135 69 57 12 72 27 18 18 39 45 26 9 28 37
is_linear=0
shrinkage=0.0304053


Tree=8
num_leaves=17
num_cat=0
split_feature=39 9 104 35 17 35 50 371 441 188 97 19 33 226 61 75
split_gain=36.1004 44.9973 35.5641 5.98809 12.8795 5.56897 7.09875 7.74587 5.53005 7.81921 2.97923 3.5094 2.64125 2.08114 1.6726 1.27919
threshold=1.0000000180025095e-35 1.0000000180025095e-35 1.0000000180025095e-35 1.0000000180025095e-35 1.0000000180025095e-35 1.0000000180025095e-35 1.0000000180025095e-35 1.0000000180025095e-35 1.0000000180025095e-35 1.0000000180025095e-35 1.0000000180025095e-35 1.0000000180025095e-35 1.0000000180025095e-35 1.0000000180025095e-35 1.0000000180025095e-35 1.0000000180025095e-35
decision_type=2 2 2 2 2 2 2 2 2 2 2 2 2 2 2 2
left_child=1 2 5 4 13 6 7 12 9 -3 11 -8 -1 -4 -10 -15
right_child=-2 8 3 -5 -6 -7 10 -9 14 -11 -12 -13 -14 15 -16 -17
leaf_value=-0.037268356966931565 0.07359702514176332 0.0031109385504930328 -0.030398148005155626 0.069393181385264444 0.059791573697232231 0.067536259792060793 -0.007921440370166892 0.059108542369238619 0.064646250566265481 0.075613304726249941 0.061907840967152211 0.060708360092378254 0 0 0.022592252776434705 0.037861030321478265
leaf_weight=16.080023303627975 14.859222352504728 5.6920059770345715 2.0947074443101865 5.3513824790716162 5.090414822101593 0.66554194688796897 12.231819853186602 0.74931035935878654 18.198833376169208 2.1256936192512512 0.69061160087585527 0.69591146707534868 2.6517244875431052 2.4184766113758092 2.4613905251026145 0.89823220670223225
leaf_count=98 20 22 12 8 10 1 59 2 34 3 1 1 13 9 7 2
internal_value=0.0296414 0.0210327 0.00313786 0.0410118 0.0247283 -0.014084 -0.016304 -0.0280793 0.0515416 0.0252716 0 -0.00274702 -0.0325883 -0.00476005 0.0605586 0.00572174
internal_weight=92.9553 78.0961 49.6182 15.8532 10.5018 33.7649 33.0994 19.4811 28.4779 7.8177 13.6183 12.9277 18.7317 5.41142 20.6602 3.31671
internal_count=302 282 216 41 33 175 174 113 66 25 61 60 111 23 41 11
is_linear=0
shrinkage=0.0304053


Tree=9
num_leaves=14
num_cat=0
split_feature=356 104 62 9 441 37 2 224 61 442 103 9 49
split_gain=46.8325 23.3429 15.0316 15.375 12.9157 10.1673 10.0094 6.78834 3.99398 2.30066 1.70071 0.247501 1.95021
threshold=1.0000000180025095e-35 1.0000000180025095e-35 1.0000000180025095e-35 1.0000000180025095e-35 1.0000000180025095e-35 1.0000000180025095e-35 1.0000000180025095e-35 1.0000000180025095e-35 1.0000000180025095e-35 1.0000000180025095e-35 1.0000000180025095e-35 1.0000000180025095e-35 1.0000000180025095e-35
decision_type=2 2 2 2 2 2 2 2 2 2 2 2 2
left_child=1 5 6 -4 -3 -1 8 11 -2 -7 -5 12 -8
right_child=2 4 3 10 -6 9 7 -9 -10 -11 -12 -13 -14
leaf_value=-0.036430100226851329 0.062101969383822571 -0.028281978317219035 -0.034764297960902815 0.044389113033716204 0.056726670108752993 0.063924828720110405 0.017259130419464121 -0.027626275178695342 0.014417543922963667 0 0 0.050882801438732979 0.0555137142702328
leaf_weight=14.242119267582895 34.271225586533546 1.8392171710729615 4.1878659129142743 6.0385068655014038 6.9105803966522217 0.68164646625518699 8.7220695018768293 1.4844271391630179 2.8211471587419501 4.294915959239006 1.7444265484809873 3.6364977508783349 2.4624784737825385
leaf_count=91 64 11 24 15 13 1 29 8 9 19 6 8 4
internal_value=0.0286528 -0.00365224 0.0427649 0.00993352 0.036685 -0.0230072 0.0497686 0.0276244 0.0589884 0.0115918 0.0364274 0.0344431 0.0273899
internal_weight=93.3371 27.9685 65.3686 11.9708 8.7498 19.2187 53.3978 16.3055 37.0924 4.97656 7.78293 14.821 11.1845
internal_count=302 135 167 45 24 111 122 49 73 20 21 41 33
is_linear=0
shrinkage=0.0304053


Tree=10
num_leaves=14
num_cat=0
split_feature=356 104 39 9 104 441 37 62 97 198 168 103 444
split_gain=43.2317 21.9371 14.1564 13.4203 19.4823 11.9975 9.89164 5.3356 2.09577 2.40419 1.29014 0.633364 0.363454
threshold=1.0000000180025095e-35 1.0000000180025095e-35 1.0000000180025095e-35 1.0000000180025095e-35 1.0000000180025095e-35 1.0000000180025095e-35 1.0000000180025095e-35 1.0000000180025095e-35 1.0000000180025095e-35 1.0000000180025095e-35 1.0000000180025095e-35 1.0000000180025095e-35 1.0000000180025095e-35
decision_type=2 2 2 2 2 2 2 2 2 2 2 2 2
left_child=1 6 3 4 7 -3 -1 8 9 -2 11 -5 -8
right_child=2 5 -4 10 -6 -7 12 -9 -10 -11 -12 -13 -14
leaf_value=-0.036136712878939735 -0.0019008906500505305 -0.027882160232934314 0.068073280716812207 0.046914947247521599 0.048956140672944758 0.054269801934119441 0 -0.034372269204680984 0.056011827175674746 0.054985639340810112 0.069718990795711908 0.020649814458562996 0.018467868121906223
leaf_weight=13.926064178347589 10.158546268939967 1.8093641102314011 15.169384598731993 15.62825152277947 10.284155786037445 7.0024335533380508 2.14191611111164 4.1080997586250314 0.7162046432495125 0.72049003839492876 5.2310341000556937 3.976567178964614 2.848954051733017
leaf_count=91 46 11 20 35 21 13 9 24 1 1 7 12 11
internal_value=0.0276858 -0.00354569 0.041096 0.0326674 0.0162758 0.0352435 -0.0226204 -0.00392209 0.00523398 0.000133468 0.049051 0.0425594 0.0112905
internal_weight=93.7215 27.7287 65.9927 50.8233 25.9875 8.8118 18.9169 15.7033 11.5952 10.879 24.8359 19.6048 4.99087
internal_count=302 135 167 147 93 24 111 72 48 47 54 47 20
is_linear=0
shrinkage=0.0304053


Tree=11
num_leaves=16
num_cat=0
split_feature=9 294 444 371 246 98 294 128 321 62 103 441 17 324 166
split_gain=26.6049 22.2611 32.3191 11.0371 10.4679 8.57407 4.92472 4.7613 3.09253 2.1552 2.22464 2.03444 1.93463 1.91652 1.34579
threshold=1.0000000180025095e-35 1.0000000180025095e-35 1.0000000180025095e-35 1.0000000180025095e-35 1.0000000180025095e-35 1.0000000180025095e-35 1.0000000180025095e-35 1.0000000180025095e-35 1.0000000180025095e-35 1.0000000180025095e-35 1.0000000180025095e-35 1.0000000180025095e-35 1.0000000180025095e-35 1.0000000180025095e-35 1.0000000180025095e-35
decision_type=2 2 2 2 2 2 2 2 2 2 2 2 2 2 2
left_child=1 2 4 13 5 7 9 14 -5 11 -11 -2 -3 -4 -1
right_child=6 12 3 8 -6 -7 -8 -9 -10 10 -12 -13 -14 -15 -16
leaf_value=-0.036985180276705193 0.025860156319663999 0.032006253144515918 0.054677201397224887 -0.0064198022113265323 0.055619787505594598 0.028527082615965153 0.0060470759853384053 0.026797264869229995 0.058821597237486221 0.041741279657075747 0 0.063407751005887233 0.065743617200388016 0.015563226292621708 -0.0080644988157717017
leaf_weight=17.763732522726073 3.4212761223316219 6.6676404774188978 11.152440264821054 6.0856494307517996 1.5224384069442738 2.2864454239606848 3.286383628845214 0.94909562170505424 0.7512121945619582 6.1406722813844699 1.9273095577955244 19.262730747461319 6.1914012283086777 2.9473664462566367 3.5649463385343543
leaf_count=113 9 17 20 29 2 7 11 2 2 15 7 30 9 11 18
internal_value=0.0268053 0.0141524 0.00401547 0.0324787 -0.0181016 -0.0234491 0.0485045 -0.0296386 0 0.0524235 0.0327325 0.0585853 0.0497366 0.0478519 -0.0330431
internal_weight=93.9207 59.8824 47.0233 20.9367 26.0867 24.5642 34.0384 22.2778 6.83686 30.752 8.06798 22.684 12.859 14.0998 21.3287
internal_count=302 230 204 62 142 140 72 133 31 61 22 39 26 31 131
is_linear=0
shrinkage=0.0304053


Tree=12
num_leaves=16
num_cat=0
split_feature=356 104 39 363 37 227 203 35 188 35 188 19 442 444 4
split_gain=37.7915 19.5425 12.529 10.5116 9.47113 5.28471 5.08115 3.62428 2.91234 2.08828 2.59467 3.7561 2.04567 1.97695 1.30026
threshold=1.0000000180025095e-35 1.0000000180025095e-35 1.0000000180025095e-35 1.0000000180025095e-35 1.0000000180025095e-35 1.0000000180025095e-35 1.0000000180025095e-35 1.0000000180025095e-35 1.0000000180025095e-35 1.0000000180025095e-35 1.0000000180025095e-35 1.0000000180025095e-35 1.0000000180025095e-35 1.0000000180025095e-35 1.0000000180025095e-35
decision_type=2 2 2 2 2 2 2 2 2 2 2 2 2 2 2
left_child=1 4 5 -3 -1 6 9 -8 -5 10 11 -2 -6 -14 -12
right_child=2 3 -4 8 12 -7 7 -9 -10 -11 14 -13 13 -15 -16
leaf_value=-0.035691568332240999 0.017794991639114431 -0.027204956896129017 0.063646348947980907 0.060934813654741717 0.059315695454282426 -0.022852083392300104 -0.030094537242544607 0.045610155934801715 0.00030849497450847091 0.05872492769693325 0.045678255708165617 0.063831612895626944 -0.02615484739845125 0.017165719028824588 0.012363345533022575
leaf_weight=13.403502121567728 21.896080479025844 1.7589641660451905 15.339341819286345 5.5448152273893356 0.70201891660690208 1.2599812597036351 1.9718752354383462 0.75458645820617665 1.5908832699060438 4.8018987923860541 15.519794017076494 2.2493571043014517 1.4205886572599409 2.8960467875003815 2.9563926309347144
leaf_count=91 72 11 20 8 1 8 11 1 5 7 35 3 8 11 10
internal_value=0.0259949 -0.00349852 0.038349 0.0326616 -0.0219903 0.0304288 0.0321472 -0.00216031 0.0500837 0.0345201 0.0313441 0.0228765 0.0108196 0 0.0413777
internal_weight=94.0661 27.3168 66.7493 8.89466 18.4222 51.41 50.15 2.72646 7.1357 47.4235 42.6216 24.1454 5.01865 4.31664 18.4762
internal_count=302 135 167 24 111 147 139 12 13 127 120 75 20 19 45
is_linear=0
shrinkage=0.0304053


Tree=13
num_leaves=20
num_cat=0
split_feature=356 363 62 37 2 328 224 187 31 98 61 442 10 4 91 103 188 371 188
split_gain=35.0763 12.3343 11.9764 8.71209 8.05276 6.5908 7.48844 3.77259 6.31232 3.554 3.52024 1.92081 1.44704 1.08573 0.567611 0.456813 0.369298 0.286998 0.107201
threshold=1.0000000180025095e-35 1.0000000180025095e-35 1.0000000180025095e-35 1.0000000180025095e-35 1.0000000180025095e-35 1.0000000180025095e-35 1.0000000180025095e-35 1.0000000180025095e-35 1.0000000180025095e-35 1.0000000180025095e-35 1.0000000180025095e-35 1.0000000180025095e-35 1.0000000180025095e-35 1.0000000180025095e-35 1.0000000180025095e-35 1.0000000180025095e-35 1.0000000180025095e-35 1.0000000180025095e-35 1.0000000180025095e-35
decision_type=2 2 2 2 2 2 2 2 2 2 2 2 2 2 2 2 2 2 2
left_child=1 3 4 -1 10 6 17 8 9 -3 16 -5 13 15 -10 -4 -2 -6 -15
right_child=2 7 12 11 5 -7 -8 -9 14 -11 -12 -13 -14 18 -16 -17 -18 -19 -20
leaf_value=-0.035249941230874146 0.04699137752454699 -0.032704596214691704 0.021493056306826231 0.056545914822805278 0.042220858543545695 -0.028631447829148345 -0.027561464024289634 0.057995848881512491 0.0048487386006666675 0.02833862883388287 0.010239077586224537 0 -0.020661058161717833 -0.012005391985070845 0.049378857224663744 0 0.063856394751595977 0.014466323758524118 0
leaf_weight=11.541253343224527 21.498452365398407 3.159486651420595 6.5878085345029778 0.71394830942153831 10.847452938556669 1.6538286209106452 1.4799829721450812 2.2947771549224845 1.4946247339248655 0.9170604646205901 2.918681487441062 4.393404021859169 1.0334177017211921 0.68504218757152657 2.5237943381071091 1.9185645729303358 13.835908398032187 2.7401615232229224 1.9138970971107483
leaf_count=80 45 20 20 1 23 9 8 3 5 2 9 20 6 4 4 7 19 9 8
internal_value=0.0252071 -0.0033931 0.037012 -0.0202158 0.0431347 0.0233495 0.0303191 0.0217347 0.00909489 -0.0143076 0.0512848 0.0100417 0.00771601 0.0120705 0.0375527 0.0175545 0.0541368 0.0380249 0
internal_weight=94.1515 27.0383 67.1132 16.6486 54.9745 16.7214 15.0676 10.3897 8.09497 4.07655 38.253 5.10735 12.1387 11.1053 4.01842 8.50637 35.3344 13.5876 2.59894
internal_count=302 135 167 101 122 49 40 34 31 22 73 21 45 39 9 27 64 32 12
is_linear=0
shrinkage=0.0304053


Tree=14
num_leaves=15
num_cat=0
split_feature=356 104 62 363 31 328 166 188 166 188 34 1 442 371
split_gain=32.46 17.6424 11.1499 9.41372 8.6217 7.54405 6.13926 4.61292 4.07762 2.35014 1.93414 2.73794 1.85268 2.71995
threshold=1.0000000180025095e-35 1.0000000180025095e-35 1.0000000180025095e-35 1.0000000180025095e-35 1.0000000180025095e-35 1.0000000180025095e-35 1.0000000180025095e-35 1.0000000180025095e-35 1.0000000180025095e-35 1.0000000180025095e-35 1.0000000180025095e-35 1.0000000180025095e-35 1.0000000180025095e-35 1.0000000180025095e-35
decision_type=2 2 2 2 2 2 2 2 2 2 2 2 2 2
left_child=1 4 5 -3 -1 7 -4 8 10 -5 11 -2 -6 -14
right_child=2 3 6 9 12 -7 -8 -9 -10 -11 -12 -13 13 -15
leaf_value=-0.035159116032050262 0.0181296060514998 -0.026507364785710766 -0.03187370398363866 0.056897552006577562 0.054031218633034832 -0.00064702127237121728 0.019764946268292304 0.058866543024574232 0.055141542573948418 0.00061954329092362608 0.051137141049193119 0.06707100623634768 -0.028222474213754976 0.020360162652823886
leaf_weight=12.667894929647447 19.315874248743064 1.706818893551828 2.540575668215749 5.6075810045003891 0.72440916299819846 2.8167812228202811 9.625962033867836 17.586880281567574 9.8378402292728406 1.5844973176717756 4.1993603706359854 1.5167913436889637 1.729940205812454 2.7344529777765274
leaf_count=90 58 11 15 8 1 13 30 26 15 5 7 3 10 10
internal_value=0.0244585 -0.00323324 0.035726 0.0308798 -0.0212988 0.0416131 0.00741694 0.0442442 0.036321 0.047143 0.0281609 0.0226122 0.00888206 0
internal_weight=94.1957 26.7556 67.4401 8.8989 17.8567 55.2735 12.1665 52.4567 34.8699 7.19208 25.032 20.8327 5.1888 4.46439
internal_count=302 135 167 24 111 122 45 109 83 13 68 61 21 20
is_linear=0
shrinkage=0.0304053


Tree=15
num_leaves=16
num_cat=0
split_feature=356 104 39 363 31 41 203 62 328 224 321 35 188 4 103
split_gain=30.176 16.7105 11.0154 8.87628 8.37731 5.55545 7.36944 4.36221 4.93765 4.43397 3.69103 2.62675 2.13309 1.25402 0.978513
threshold=1.0000000180025095e-35 1.0000000180025095e-35 1.0000000180025095e-35 1.0000000180025095e-35 1.0000000180025095e-35 1.0000000180025095e-35 1.0000000180025095e-35 1.0000000180025095e-35 1.0000000180025095e-35 1.0000000180025095e-35 1.0000000180025095e-35 1.0000000180025095e-35 1.0000000180025095e-35 1.0000000180025095e-35 1.0000000180025095e-35
decision_type=2 2 2 2 2 2 2 2 2 2 2 2 2 2 2
left_child=1 4 5 -3 -1 6 7 8 9 -2 11 -6 -5 14 -9
right_child=2 3 -4 12 10 -7 -8 13 -10 -11 -12 -13 -14 -15 -16
leaf_value=-0.034907956702047459 0.040200842159771467 -0.026133523598574925 0.058270047128244851 0.054976856412801083 -0.01091321838616335 0.055906592007968194 -0.030312062311382074 0.020213074210244361 -0.00062757163032635638 3.1583900803493429e-05 0.07813243564959628 0.051735563337403256 0.00060061855053352635 -0.0048329807510121324 0
leaf_weight=12.375596866011621 25.218714147806175 1.6790612339973465 15.387437760829924 5.6267969608306885 3.8446218371391288 6.3910822719335547 1.9841056168079365 6.6531444042921049 2.815874069929122 3.8871963918209067 0.61929303407669056 0.73351711034774769 1.5848029553890226 3.0773728787899008 2.282702699303627
leaf_count=90 55 11 20 8 19 9 11 20 13 15 1 1 5 15 9
internal_value=0.0237438 -0.0031338 0.0345308 0.0299656 -0.0209621 0.0271821 0.0227678 0.0255987 0.0317084 0.035489 0.00859315 0 0.0456641 0.0077801 0.0142486
internal_weight=94.1613 26.4637 67.6976 8.89066 17.573 52.3102 45.9191 43.935 31.9218 29.1059 5.19743 4.57814 7.2116 12.0132 8.93585
internal_count=302 135 167 24 111 147 138 127 83 70 21 20 13 44 29
is_linear=0
shrinkage=0.0304053


Tree=16
num_leaves=12
num_cat=0
split_feature=39 168 35 99 188 188 17 97 98 447 363
split_gain=21.686 14.8066 17.6657 12.1573 19.326 6.3892 6.35563 4.61495 2.7405 1.2883 2.38957
threshold=1.0000000180025095e-35 1.0000000180025095e-35 1.0000000180025095e-35 1.0000000180025095e-35 1.0000000180025095e-35 1.0000000180025095e-35 1.0000000180025095e-35 1.0000000180025095e-35 1.0000000180025095e-35 1.0000000180025095e-35 1.0000000180025095e-35
decision_type=2 2 2 2 2 2 2 2 2 2 2
left_child=1 2 3 4 6 -5 7 -1 -8 10 -6
right_child=-2 -3 -4 5 9 -7 8 -9 -10 -11 -12
leaf_value=-0.022016670549230642 0.056622145897755591 0.056457639705123887 0.057187186787811067 0.041558811483047763 0.062782454094547968 -0.02543697106515809 0.019279912761251197 0.047268662056239252 -0.028537092043676975 0.05536444272598761 0.014987441100115672
leaf_weight=27.496648788452152 15.354314684867857 7.8716213405132285 7.1439703255891791 10.875068962574002 1.4783389568328829 1.1291610002517707 6.6826630383729926 0.74946784973144431 1.0605577975511549 2.3061790466308585 11.872842133045197
leaf_count=158 20 11 10 24 2 6 23 1 5 3 39
internal_value=0.0230629 0.0162697 0.0115311 0.00610639 0 0.0336712 -0.0125681 -0.0195019 0.0102716 0.0278903 0.0217128
internal_weight=94.0208 78.6665 70.7949 63.6509 51.6467 12.0042 35.9893 28.2461 7.74322 15.6574 13.3512
internal_count=302 282 271 261 231 30 187 159 28 44 41
is_linear=0
shrinkage=0.0304053


Tree=17
num_leaves=15
num_cat=0
split_feature=356 104 31 363 41 49 9 1 321 225 35 34 166 188
split_gain=26.5648 15.1531 8.15089 8.00574 6.06322 5.18564 5.83763 9.09611 3.415 2.90864 2.24775 2.20356 1.97875 1.88442
threshold=1.0000000180025095e-35 1.0000000180025095e-35 1.0000000180025095e-35 1.0000000180025095e-35 1.0000000180025095e-35 1.0000000180025095e-35 1.0000000180025095e-35 1.0000000180025095e-35 1.0000000180025095e-35 1.0000000180025095e-35 1.0000000180025095e-35 1.0000000180025095e-35 1.0000000180025095e-35 1.0000000180025095e-35
decision_type=2 2 2 2 2 2 2 2 2 2 2 2 2 2
left_child=1 2 -1 -3 5 6 7 9 10 11 -4 -2 -8 -5
right_child=4 3 8 13 -6 -7 12 -9 -10 -11 -12 -13 -14 -15
leaf_value=-0.034560909103561369 -0.0029340612654596581 -0.025515994085788394 -0.010141365657685595 0.051915895329809419 0.054123701257188919 0.050700177769721619 0.018043095498515106 0.054388320308618072 0.074592315315366406 0.041749030992298729 0.047399065477848598 0.031265846240168024 0.043522985559927681 0.0001256802968051669
leaf_weight=11.951505944132807 18.468012273311626 1.6328693330287949 3.7833713740110388 5.6362495422363281 11.746903181076048 8.9292853921651822 7.5950306951999673 4.0376569032669059 0.63446640968322743 1.6928651332855214 0.74904417991638172 1.9187031537294377 13.466623961925507 1.5924237221479414
leaf_count=90 77 11 19 8 16 13 20 7 1 3 1 4 27 5
internal_value=0.0224349 -0.00304815 -0.020408 0.0283407 0.0324713 0.0275974 0.0228199 0.0120748 0.00865648 0.00347155 0 0 0.0352396 0.0431372
internal_weight=93.835 25.9799 17.1184 8.86154 67.8551 56.1082 47.1789 26.1172 5.16688 22.0796 4.53242 20.3867 21.0617 7.22867
internal_count=302 135 111 24 167 151 138 91 21 84 20 81 47 13
is_linear=0
shrinkage=0.0304053


Tree=18
num_leaves=16
num_cat=0
split_feature=39 104 166 41 273 37 436 321 37 62 61 371 17 62 363
split_gain=19.6806 14.5259 14.4438 12.0114 12.2642 10.9792 6.44429 3.2213 2.25175 2.60341 1.6708 1.57615 0.30311 0.180361 0.102762
threshold=1.0000000180025095e-35 1.0000000180025095e-35 1.0000000180025095e-35 1.0000000180025095e-35 1.0000000180025095e-35 1.0000000180025095e-35 1.0000000180025095e-35 1.0000000180025095e-35 1.0000000180025095e-35 1.0000000180025095e-35 1.0000000180025095e-35 1.0000000180025095e-35 1.0000000180025095e-35 1.0000000180025095e-35 1.0000000180025095e-35
decision_type=2 2 2 2 2 2 2 2 2 2 2 2 2 2 2
left_child=1 2 3 4 5 6 -1 -7 9 10 -4 -3 -5 -10 -13
right_child=-2 11 8 12 -6 7 -8 -9 13 -11 -12 14 -14 -15 -16
leaf_value=-0.036477629902923525 0.053969212614590673 0.03899604519919924 0.052973339866379317 0.050835385194614419 0.054264035943276785 0 0.043993206831797645 0.070158848703828339 -0.013542183833221172 0.0164348591679329 0.00082622528657213049 0 0.0066076407631694102 0.0049536084254491611 0.015360303801856125
leaf_weight=17.286117881536494 15.23272120952606 20.377905532717708 6.6406462341547048 3.0675079822540274 2.3058196902275077 10.881850853562351 0.75904113054275413 0.6538952589035042 0.72101995348930281 8.454440101981163 1.454872667789459 2.0962821096181865 1.3069198131561277 1.3847072422504425 0.97870273888111103
leaf_count=120 20 41 11 4 3 46 1 1 4 26 4 10 5 4 2
internal_value=0.0218416 0.0153531 0.00637334 -0.00436113 -0.0113158 -0.0170739 -0.0320347 0.00468506 0.0282535 0.0320246 0.0459501 0.0355672 0.0419721 0 0.00666029
internal_weight=93.6025 78.3697 54.9168 36.2612 31.8867 29.5809 18.0452 11.5357 18.6557 16.55 8.09552 23.4529 4.37443 2.10573 3.07498
internal_count=302 282 229 180 171 168 121 47 49 41 15 53 9 8 12
is_linear=0
shrinkage=0.0304053


Tree=19
num_leaves=18
num_cat=0
split_feature=9 231 442 198 35 228 362 294 1 47 33 183 371 50 33 214 103
split_gain=16.8851 15.4014 26.6092 12.1417 5.96223 5.08807 4.73689 4.27451 2.21705 4.21695 1.69163 0.963248 0.410629 3.83214 2.12711 0.230029 0.135887
threshold=1.0000000180025095e-35 1.0000000180025095e-35 1.0000000180025095e-35 1.0000000180025095e-35 1.0000000180025095e-35 1.0000000180025095e-35 1.0000000180025095e-35 1.0000000180025095e-35 1.0000000180025095e-35 1.0000000180025095e-35 1.0000000180025095e-35 1.0000000180025095e-35 1.0000000180025095e-35 1.0000000180025095e-35 1.0000000180025095e-35 1.0000000180025095e-35 1.0000000180025095e-35
decision_type=2 2 2 2 2 2 2 2 2 2 2 2 2 2 2 2 2
left_child=1 2 3 4 10 6 12 11 9 -7 -1 16 14 -14 -4 -3 -2
right_child=7 15 5 -5 -6 8 -8 -9 -10 -11 -12 -13 13 -15 -16 -17 -18
leaf_value=-0.036385917890306152 0.046311374016887508 0.042376877409607251 -0.030488333876024828 0.057611923618623301 0.045623332051068048 -0.0027892946255207479 0.039996210221079284 0.00024319440866530905 0.055061814049350885 0.048743574873207088 -0.0037587497118702455 0.012775712688573719 0.074794710863885616 -0.0022855546052737061 0.016509869636059195 0.0042916077317958403 0.022187033062560847
leaf_weight=16.541382834315311 25.117556229233749 11.762927711009976 2.1967507451772676 1.5054244995117176 0.75454789400100608 2.4023068398237228 3.4890770018100747 3.456957906484603 6.1040098518133163 2.3007808327674866 3.0876060128211966 2.776410683989524 0.63358986377716053 5.3759615868330002 0.94234241545200337 1.3067836761474616 3.5021711736917487
leaf_count=116 44 21 13 2 1 10 6 11 9 3 16 8 1 25 2 5 9
internal_value=0.021314 0.0108603 0.00203197 -0.0216143 -0.0284037 0.0249189 0.00976939 0.0382843 0.0408713 0.0183981 -0.0322222 0.0418677 0 0.00271087 -0.010333 0.0400232 0.044025
internal_weight=93.2566 58.4035 45.3338 21.889 20.3835 23.4448 12.6377 34.8531 10.8071 4.70309 19.629 31.3961 9.14864 6.00955 3.13909 13.0697 28.6197
internal_count=302 230 204 135 133 69 47 72 22 13 132 61 41 26 15 26 53
is_linear=0
shrinkage=0.0304053


Tree=20
num_leaves=15
num_cat=0
split_feature=356 104 39 31 441 168 104 166 1 224 188 98 371 61
split_gain=22.1355 12.8375 9.02076 7.63413 7.02698 4.56988 3.74278 7.30527 6.76784 2.21601 1.74171 1.21379 2.37558 0.0538616
threshold=1.0000000180025095e-35 1.0000000180025095e-35 1.0000000180025095e-35 1.0000000180025095e-35 1.0000000180025095e-35 1.0000000180025095e-35 1.0000000180025095e-35 1.0000000180025095e-35 1.0000000180025095e-35 1.0000000180025095e-35 1.0000000180025095e-35 1.0000000180025095e-35 1.0000000180025095e-35 1.0000000180025095e-35
decision_type=2 2 2 2 2 2 2 2 2 2 2 2 2 2
left_child=1 3 5 -1 -3 6 7 8 9 -2 -6 12 -5 -9
right_child=2 4 -4 11 10 -7 -8 13 -10 -11 -12 -13 -14 -15
leaf_value=-0.033968449090249639 -0.00066499432491351235 -0.025033705305649787 0.05170759583534159 -0.026817794528558599 0.048076771471778725 0.052198063830640892 0.034368836829448648 0.028370181887409356 0.058028013779482378 -0.034140545681607778 0 0.043972515472858749 0.019162902780905162 0.00023972069626197257
leaf_weight=11.193433709442617 12.631458714604376 1.5960717350244538 15.04684269428253 1.6376230865716923 5.6084487736225128 5.3395878076553336 13.155641674995421 16.016684472560886 1.6118559688329703 2.4542880803346643 1.6109563261270521 0.75909435749053944 2.7657415270805359 1.4598784446716297
leaf_count=90 52 11 20 10 8 7 27 41 3 13 5 1 10 4
internal_value=0.0207889 -0.00287476 0.0298653 -0.0194863 0.0257887 0.0232626 0.0195943 0.0133489 0 -0.00737461 0.039659 0.00823903 0 0.0271072
internal_weight=92.8876 25.1714 67.7162 16.3559 8.81548 52.6694 47.3298 34.1742 16.6976 15.0857 7.21941 5.16246 4.40336 17.4766
internal_count=302 135 167 111 24 147 140 113 68 65 13 21 20 45
is_linear=0
shrinkage=0.0304053


Tree=21
num_leaves=16
num_cat=0
split_feature=356 104 62 9 31 2 328 203 61 158 9 98 444 188 188
split_gain=20.709 12.1869 8.82753 10.3443 7.42094 5.80189 4.86618 4.1213 2.96186 2.25559 7.38331 1.13448 1.7294 0.856782 0.0194144
threshold=1.0000000180025095e-35 1.0000000180025095e-35 1.0000000180025095e-35 1.0000000180025095e-35 1.0000000180025095e-35 1.0000000180025095e-35 1.0000000180025095e-35 1.0000000180025095e-35 1.0000000180025095e-35 1.0000000180025095e-35 1.0000000180025095e-35 1.0000000180025095e-35 1.0000000180025095e-35 1.0000000180025095e-35 1.0000000180025095e-35
decision_type=2 2 2 2 2 2 2 2 2 2 2 2 2 2 2
left_child=1 4 5 -4 -1 8 7 -7 14 -3 -11 12 -6 -5 -2
right_child=2 9 3 13 11 6 -8 -9 -10 10 -12 -13 -14 -15 -16
leaf_value=-0.033751910005345137 0.037802283067353913 0.041584846939136416 -0.034164672740418289 0 -0.025070328262327937 0.028610196574176794 -0.027794603432492591 -0.022838108117483148 0.0043565039904594708 -0.03095265341391008 0.046194904198151053 0.042432404507949106 0.015249322102421531 0.029757093625348657 0.051949459499648118
leaf_weight=10.926827020943167 21.689265802502632 4.3528827130794543 4.015448093414304 1.7762823104858396 1.4468248337507237 14.134988799691198 1.607755675911904 1.1849882751703269 2.993903011083602 2.134602963924408 2.2803294062614441 0.76276159286499012 2.9553093612194061 6.6253757178783417 13.641171783208845
leaf_count=90 45 8 24 6 9 33 9 7 9 13 3 1 11 15 19
internal_value=0.0202579 -0.00278478 0.0290035 0.00404966 -0.0191778 0.0342673 0.0174018 0.0233882 0.0412196 0.0251332 0.00459914 0.00798142 0 0.0245781 0.0438054
internal_weight=92.5287 24.8595 67.6692 12.4171 16.0917 55.2521 16.9277 15.32 38.3243 8.76782 4.41493 5.1649 4.40213 8.40166 35.3304
internal_count=302 135 167 45 111 122 49 40 73 24 16 21 20 21 64
is_linear=0
shrinkage=0.0304053


Tree=22
num_leaves=15
num_cat=0
split_feature=39 9 104 37 441 97 19 441 244 31 20 165 103 103
split_gain=16.4702 20.0814 17.2602 6.12201 6.73356 4.51889 4.73868 2.79498 4.09306 2.22219 1.69869 0.271801 0.426361 0.238567
threshold=1.0000000180025095e-35 1.0000000180025095e-35 1.0000000180025095e-35 1.0000000180025095e-35 1.0000000180025095e-35 1.0000000180025095e-35 1.0000000180025095e-35 1.0000000180025095e-35 1.0000000180025095e-35 1.0000000180025095e-35 1.0000000180025095e-35 1.0000000180025095e-35 1.0000000180025095e-35 1.0000000180025095e-35
decision_type=2 2 2 2 2 2 2 2 2 2 2 2 2 2
left_child=1 2 3 5 -5 6 -1 8 13 10 -4 12 -9 -3
right_child=-2 7 9 4 -6 -7 -8 11 -10 -11 -12 -13 -14 -15
leaf_value=-0.030809071563606301 0.049634032392439575 0 0.017176244550893272 0.018567726806350156 -0.033370581709984651 0.039783226295097708 0.036410963521268415 0.036185896675636278 0.038206680738263894 0.037386080726219503 -0.02165977233930251 0.051740615207825066 0.0096291981561574362 -0.017264723777840923
leaf_weight=17.232952721416957 14.797188580036162 3.8169938921928424 6.487977162003518 8.7535534203052539 3.0166372805833808 0.76754260063171287 0.77024102210998435 12.390915259718897 3.7265461087226868 9.1293982416391373 0.85207335650920857 6.8232821226119986 2.7942110598087302 0.76202045381069172
leaf_count=124 20 14 19 32 17 1 1 24 7 18 4 9 8 4
internal_value=0.0197424 0.0137751 0.000913904 -0.0121933 0.00363875 -0.0231314 -0.0268737 0.0330918 0.0141648 0.0263708 0.0100756 0.0393692 0.032552 -0.00126669
internal_weight=92.1215 77.3243 47.0104 30.5409 11.7702 18.7707 18.0032 30.314 8.30556 16.4694 7.34005 22.0084 15.1851 4.57901
internal_count=302 282 216 175 49 126 125 66 25 41 23 41 32 18
is_linear=0
shrinkage=0.0304053


Tree=23
num_leaves=15
num_cat=0
split_feature=356 104 62 441 2 444 35 328 166 61 321 188 103 188
split_gain=18.5918 10.9197 8.02982 6.33484 5.2954 4.60461 5.47224 4.57211 4.30295 2.76625 2.71457 1.47103 1.3447 0.0682245
threshold=1.0000000180025095e-35 1.0000000180025095e-35 1.0000000180025095e-35 1.0000000180025095e-35 1.0000000180025095e-35 1.0000000180025095e-35 1.0000000180025095e-35 1.0000000180025095e-35 1.0000000180025095e-35 1.0000000180025095e-35 1.0000000180025095e-35 1.0000000180025095e-35 1.0000000180025095e-35 1.0000000180025095e-35
decision_type=2 2 2 2 2 2 2 2 2 2 2 2 2 2
left_child=1 5 4 -3 9 6 -1 -6 -4 13 -7 -5 -10 -2
right_child=2 3 8 11 7 10 -8 -9 12 -11 -12 -13 -14 -15
leaf_value=-0.033909593351474893 0.035845418625485688 -0.024799789304670441 -0.030742398824291063 0.044729325509262889 0.022212811205796591 0 0.040373170668161672 -0.027565641257040557 0.020285856558687559 0.0035340009815820793 0.06357799218751771 0 0 0.049934678929900105
leaf_weight=11.520513482391831 21.615434929728508 1.577661260962486 2.3860494792461369 5.5341911613941193 15.294532865285873 2.67309456318617 0.76666146516800004 1.5948494970798499 7.58706434071064 2.9968571662902823 0.68319135904312123 1.6083435565233228 2.3635680824518204 13.426746234297751
leaf_count=96 45 11 15 8 40 13 1 9 21 9 1 5 9 19
internal_value=0.0192783 -0.00277875 0.0275496 0.0235385 0.0325833 -0.0186641 -0.027722 0.0163846 0.0035961 0.0392748 0.00883833 0.0368785 0.0137439 0.041789
internal_weight=91.6288 24.3637 67.2651 8.7202 54.9284 15.6435 12.2872 16.8894 12.3367 38.039 3.35629 7.14253 9.95063 35.0422
internal_count=302 135 167 24 122 111 97 49 45 73 14 13 30 64
is_linear=0
shrinkage=0.0304053


Tree=24
num_leaves=13
num_cat=0
split_feature=41 49 99 248 1 231 2 264 224 363 33 363
split_gain=9.97817 10.7282 7.50891 11.5537 5.9999 3.41262 2.41607 2.29718 2.09962 1.29986 0.797653 0.135154
threshold=1.0000000180025095e-35 1.0000000180025095e-35 1.0000000180025095e-35 1.0000000180025095e-35 1.0000000180025095e-35 1.0000000180025095e-35 1.0000000180025095e-35 1.0000000180025095e-35 1.0000000180025095e-35 1.0000000180025095e-35 1.0000000180025095e-35 1.0000000180025095e-35
decision_type=2 2 2 2 2 2 2 2 2 2 2 2
left_child=1 2 3 4 5 7 -7 -1 9 -5 -4 -10
right_child=-2 -3 10 8 -6 6 -8 -9 11 -11 -12 -13
leaf_value=-0.019092691927215511 0.042813138822487024 0.044993955221049022 0.03283424759144709 0.052373232089544107 0.026841638750335281 0.042896613595171995 -0.0006058858093467254 0.025883588408820452 0 0.019877112714275776 0 -0.013201172597123651
leaf_weight=23.803825020790107 14.271459594368933 9.4417285621166211 11.958146616816517 2.2727026343345704 3.8608891591429702 1.4934592843055718 2.2010496556758881 0.74488514661788841 1.6482499539852136 17.151266969740391 1.644829764962197 0.71440392732620228
leaf_count=152 24 14 26 3 10 2 7 1 5 48 6 4
internal_value=0.0187914 0.0140873 0.00948083 0.00397505 -0.00718416 -0.0125099 0.0118605 -0.0169519 0.0212894 0.0246633 0.0298924 0
internal_weight=91.2069 76.9354 67.4937 53.8907 32.1041 28.2432 3.69451 24.5487 21.7866 19.424 13.603 2.36265
internal_count=302 278 264 232 172 162 9 153 60 51 32 9
is_linear=0
shrinkage=0.0304053


Tree=25
num_leaves=12
num_cat=0
split_feature=39 168 35 166 17 62 97 37 37 62 62
split_gain=14.7429 9.96947 12.1761 7.9935 12.9755 6.47337 3.06667 3.53441 2.40789 1.93439 0.563346
threshold=1.0000000180025095e-35 1.0000000180025095e-35 1.0000000180025095e-35 1.0000000180025095e-35 1.0000000180025095e-35 1.0000000180025095e-35 1.0000000180025095e-35 1.0000000180025095e-35 1.0000000180025095e-35 1.0000000180025095e-35 1.0000000180025095e-35
decision_type=2 2 2 2 2 2 2 2 2 2 2
left_child=1 2 3 4 6 -6 7 -1 9 -5 -10
right_child=-2 -3 -4 8 5 -7 -8 -9 10 -11 -12
leaf_value=-0.026968142695881357 0.047092969930302271 0.046398486042774738 0.046883379802928164 0.038434681910399879 0.025989066808836926 -0.027669347667503886 0.036055277439725142 -0.0016020379740928526 -0.023299152266298591 0.012166661223061185 0.0012065642734866238
leaf_weight=16.492758668959148 14.361566841602324 7.5668341666460028 7.0281080305576316 7.3346569389104852 14.438983932137491 2.09744769334793 0.77027016878127952 9.7673039734363538 0.95504190027713698 8.6092138737440109 1.4133131802082062
leaf_count=115 20 11 10 14 37 15 1 44 5 26 4
internal_value=0.0183294 0.012678 0.00869793 0.00405224 -0.00264908 0.0180317 -0.016004 -0.0182575 0.0210304 0.0254459 -0.000680227
internal_weight=90.8355 76.4739 68.9071 61.879 43.5668 16.5364 27.0303 26.2601 18.3122 15.9439 2.36836
internal_count=302 282 271 261 212 52 160 159 49 40 9
is_linear=0
shrinkage=0.0304053


Tree=26
num_leaves=13
num_cat=0
split_feature=230 62 188 17 226 166 50 249 98 363 103 224
split_gain=9.53997 7.4077 6.94388 9.78049 8.69083 5.76594 4.62681 3.66635 3.60169 3.53473 2.53817 0.56155
threshold=1.0000000180025095e-35 1.0000000180025095e-35 1.0000000180025095e-35 1.0000000180025095e-35 1.0000000180025095e-35 1.0000000180025095e-35 1.0000000180025095e-35 1.0000000180025095e-35 1.0000000180025095e-35 1.0000000180025095e-35 1.0000000180025095e-35 1.0000000180025095e-35
decision_type=2 2 2 2 2 2 2 2 2 2 2 2
left_child=1 2 3 4 7 -3 -2 8 -1 -7 -11 -5
right_child=6 5 -4 11 -6 9 -8 -9 -10 10 -12 -13
leaf_value=-0.018779614051584341 -0.0311846006610445 -0.032253309599406678 0.041546412572656712 0.034330042850249605 0.027528331379090203 0.042062339643751966 0.034451115164722233 0.03628555889742173 0.017743736609312211 0.010724770116583977 -0.032201603279290954 0.00062256637815648081
leaf_weight=13.671708643436437 5.0573533326387397 3.6922296062111828 18.392026484012604 22.22166753560305 10.585007056593897 2.684861958026886 0.98528671264648426 1.4579054713249195 2.5361480712890616 5.7374841868877411 1.6236209273338316 1.6544492989778508
leaf_count=80 46 26 31 46 23 5 3 2 9 17 8 6
internal_value=0.0178975 0.0206498 0.0246291 0.0182941 0.00536898 0 -0.0173308 -0.00683575 -0.0118912 0.0121644 0 0.03279
internal_weight=90.2997 84.2571 70.5189 52.1269 28.2508 13.7382 6.04264 17.6658 16.2079 10.046 7.36111 23.8761
internal_count=302 253 197 166 114 56 49 91 89 30 25 52
is_linear=0
shrinkage=0.0304053


Tree=27
num_leaves=15
num_cat=0
split_feature=356 104 39 37 9 104 1 97 198 321 9 442 2 168
split_gain=15.0067 9.14817 7.47227 6.92374 6.39332 9.45961 5.70517 2.94092 3.16465 2.51814 1.92255 1.30604 1.09801 0.588272
threshold=1.0000000180025095e-35 1.0000000180025095e-35 1.0000000180025095e-35 1.0000000180025095e-35 1.0000000180025095e-35 1.0000000180025095e-35 1.0000000180025095e-35 1.0000000180025095e-35 1.0000000180025095e-35 1.0000000180025095e-35 1.0000000180025095e-35 1.0000000180025095e-35 1.0000000180025095e-35 1.0000000180025095e-35
decision_type=2 2 2 2 2 2 2 2 2 2 2 2 2 2
left_child=1 3 4 -1 5 6 7 8 -2 11 12 -5 -3 -6
right_child=2 10 -4 9 13 -7 -8 -9 -10 -11 -12 -13 -14 -15
leaf_value=-0.032934141422871023 -0.023408779949746585 0.014998236810660457 0.045604858220979261 0.035647173527794972 0.025265197766599749 0.029892006644803834 0.040494647446854375 0.035534207248064872 0.031589765513914458 0.062347571452542938 0.043099664582109586 -0.0079742044643941624 -0.015164873490694758 0.045485864609537276
leaf_weight=9.9197608232498151 12.316386178135867 4.6875211298465729 14.027295172214506 0.77023828029632646 20.865519270300869 10.674648001790047 1.8884608298540122 0.77021694183349687 0.76577496528625566 0.68866175413131703 2.9245588779449463 3.5418774038553238 0.91313438117504109 5.0755985975265494
leaf_count=91 66 13 20 1 47 21 4 1 1 1 4 18 7 7
internal_value=0.0174693 -0.00272117 0.0248862 -0.0177853 0.0189706 0.00746011 -0.00654823 -0.0143385 -0.0187325 0.00847052 0.0214141 0 0.00668653 0.0299576
internal_weight=89.8297 23.4458 66.3839 14.9205 52.3566 26.4155 15.7408 13.8524 13.0822 5.00078 8.52521 4.31212 5.60066 25.9411
internal_count=302 135 167 111 147 93 72 68 67 20 24 19 20 54
is_linear=0
shrinkage=0.0304053


Tree=28
num_leaves=16
num_cat=0
split_feature=230 62 188 104 2 17 166 444 363 98 103 328 226 17 61
split_gain=8.41751 6.81967 6.34347 8.91535 7.24641 6.8399 5.34298 4.41101 3.24822 2.48039 2.37616 1.52301 0.975375 4.66415 0.107169
threshold=1.0000000180025095e-35 1.0000000180025095e-35 1.0000000180025095e-35 1.0000000180025095e-35 1.0000000180025095e-35 1.0000000180025095e-35 1.0000000180025095e-35 1.0000000180025095e-35 1.0000000180025095e-35 1.0000000180025095e-35 1.0000000180025095e-35 1.0000000180025095e-35 1.0000000180025095e-35 1.0000000180025095e-35 1.0000000180025095e-35
decision_type=2 2 2 2 2 2 2 2 2 2 2 2 2 2 2
left_child=1 2 3 4 5 9 -3 -2 -8 -1 -10 -6 13 -5 -4
right_child=7 6 14 12 11 -7 8 -9 10 -11 -12 -13 -14 -15 -16
leaf_value=-0.0076185035056025143 -0.03073685864005633 -0.031871256995234361 0.043346219891056803 -0.024924697748259179 -0.034937230915382179 0.033602913414284209 0.039913019305550537 0.033229475671639287 0.0099975487816693631 0.028711346814134169 -0.031813609405353369 0 0.034885605000248857 0.035294988884128256 0.019394469566022317
leaf_weight=9.8992713168263453 4.8251492008566848 3.5813675075769398 14.681638032197954 1.5538256615400339 3.8132980838417998 9.2069225013256073 2.6978711485862732 0.99758467078208912 5.7427764236927032 2.0819519609212884 1.6004902422428129 2.5291812643408775 19.339655891060829 3.1951761990785599 3.4321951866149893
leaf_count=54 46 26 23 11 22 21 5 3 17 6 8 12 35 5 8
internal_value=0.0171008 0.0196768 0.0235205 0.0174174 0.00476853 0.0138682 0 -0.016508 0.0113726 0 0 -0.022631 0.0310834 0.0115922 0.0398595
internal_weight=89.1784 83.3556 69.7331 51.6193 27.5306 21.1881 13.6225 5.82273 10.0411 11.9812 7.34327 6.34248 24.0887 4.749 18.1138
internal_count=302 253 197 166 115 81 56 49 30 60 25 34 51 16 31
is_linear=0
shrinkage=0.0304053


Tree=29
num_leaves=17
num_cat=0
split_feature=356 104 37 62 9 363 188 49 321 328 188 49 103 203 9 188
split_gain=13.5785 8.30911 6.66999 6.36636 8.14106 4.94326 3.98078 2.87472 2.31207 1.48336 1.35529 1.17019 1.0967 0.938909 0.645325 0.468165
threshold=1.0000000180025095e-35 1.0000000180025095e-35 1.0000000180025095e-35 1.0000000180025095e-35 1.0000000180025095e-35 1.0000000180025095e-35 1.0000000180025095e-35 1.0000000180025095e-35 1.0000000180025095e-35 1.0000000180025095e-35 1.0000000180025095e-35 1.0000000180025095e-35 1.0000000180025095e-35 1.0000000180025095e-35 1.0000000180025095e-35 1.0000000180025095e-35
decision_type=2 2 2 2 2 2 2 2 2 2 2 2 2 2 2 2
left_child=1 2 -1 6 -5 -3 7 9 11 13 -7 -4 15 -2 -15 -6
right_child=3 5 8 4 12 10 -8 -9 -10 -11 -12 -13 -14 14 -16 -17
leaf_value=-0.032662997900572463 0.020486258032767452 -0.023315118528428286 -0.0076018880393957499 -0.033184401851331376 0 0.039955912052922954 0.042200631259011773 0.039204823304927736 0.059282046349068543 0 0 0.033746639092747117 0 -0.0050490416710747502 0.026696206750151549 0.03111044795707231
leaf_weight=9.5579319521784765 22.908092916011817 1.4720717817544935 3.5100204795598993 3.7549036741256687 1.572957396507263 5.319861575961113 16.321507841348648 8.3228239417076093 0.70216572284698475 2.7303658723831168 1.6419413536787031 0.76912248134613026 1.85817015171051 2.3890312314033504 0.74898475408554066 5.0569142401218414
leaf_count=91 58 11 18 24 5 8 26 13 1 13 5 1 6 11 1 10
internal_value=0.0166916 -0.00269565 -0.0173408 0.0237635 0.00224371 0.0202978 0.0283395 0.0217271 0.00825019 0.0160092 0.0322518 0 0.0201582 0.018325 0 0.0259435
internal_weight=88.6369 22.9731 14.5392 65.6638 12.2429 8.43387 53.4208 37.0993 4.98131 28.7765 6.9618 4.27914 8.48804 26.0461 3.13802 6.62987
internal_count=302 135 111 167 45 24 122 96 20 83 13 19 21 70 12 15
is_linear=0
shrinkage=0.0304053


Tree=30
num_leaves=15
num_cat=0
split_feature=356 104 39 37 9 104 1 363 436 19 168 61 103 49
split_gain=12.7685 7.89465 7.12372 6.48225 5.55882 8.00092 5.08605 4.71953 2.76669 2.89049 0.611204 1.21657 2.0096 0.55021
threshold=1.0000000180025095e-35 1.0000000180025095e-35 1.0000000180025095e-35 1.0000000180025095e-35 1.0000000180025095e-35 1.0000000180025095e-35 1.0000000180025095e-35 1.0000000180025095e-35 1.0000000180025095e-35 1.0000000180025095e-35 1.0000000180025095e-35 1.0000000180025095e-35 1.0000000180025095e-35 1.0000000180025095e-35
decision_type=2 2 2 2 2 2 2 2 2 2 2 2 2 2
left_child=1 3 4 -1 5 6 8 -3 9 -2 11 12 -6 -5
right_child=2 7 -4 13 10 -7 -8 -9 -10 -11 -12 -13 -14 -15
leaf_value=-0.032477462040223497 -0.022901177704543193 -0.022974306603053621 0.043802249740466002 0 0.029912335209731682 0.027280865849403525 0.037344322364452689 0.031563053983095758 0.034101583656957889 0.029246248517415436 0.043215510157430713 0 0 0.032776541286032461
leaf_weight=9.3238649144768697 12.065883949398989 1.448882609605789 13.509474933147429 4.2098188996315011 15.782366633415231 10.597223043441772 1.9217544496059424 6.9099936485290527 0.76945608854293901 0.7593957185745247 4.9105558991432181 1.7425104975700367 3.3082869946956626 0.76790297031402577
leaf_count=91 66 11 20 19 32 21 4 13 1 1 7 5 10 1
internal_value=0.0163126 -0.00261265 0.0231637 -0.0170612 0.017419 0.00655703 -0.00637512 0.0198345 -0.0139578 -0.0183278 0.0276977 0.0231237 0.0253458 0.00800404
internal_weight=88.0274 22.6605 65.3669 14.3016 51.8574 26.1137 15.5165 8.35888 13.5947 12.8253 25.7437 20.8332 19.0907 4.97772
internal_count=302 135 167 111 147 93 72 24 68 67 54 47 42 20
is_linear=0
shrinkage=0.0304053


Tree=31
num_leaves=13
num_cat=0
split_feature=356 104 31 363 41 246 203 61 4 443 321 224
split_gain=12.0826 7.45933 6.13224 4.48498 3.73023 3.31014 3.82931 2.81424 3.52945 2.54888 2.20646 1.59376
threshold=1.0000000180025095e-35 1.0000000180025095e-35 1.0000000180025095e-35 1.0000000180025095e-35 1.0000000180025095e-35 1.0000000180025095e-35 1.0000000180025095e-35 1.0000000180025095e-35 1.0000000180025095e-35 1.0000000180025095e-35 1.0000000180025095e-35 1.0000000180025095e-35
decision_type=2 2 2 2 2 2 2 2 2 2 2 2
left_child=1 2 -1 -3 5 6 7 8 11 -9 -4 -2
right_child=4 3 10 -5 -6 -7 -8 9 -10 -11 -12 -13
leaf_value=-0.032271754749868369 0.023755217579765512 -0.022636387715102887 0 0.030746193022632033 0.041014946409727769 0.040190878076170986 -0.026557693755550078 -0.035005286066860757 -0.0077284394349470438 0.019694441211114438 0.056515456815777937 0
leaf_weight=8.9924754947423917 36.307754442095757 1.4261893033981321 4.3643923923373231 6.8784486353397369 10.399025022983549 6.9628681093454352 1.596666395664214 1.7510600835084906 3.1244469135999671 1.0064372271299362 0.71407741308212269 3.7732630968093863
leaf_count=90 89 11 20 13 16 11 10 9 16 2 1 14
internal_value=0.015991 -0.0025245 -0.016749 0.0192884 0.0226648 0.0188149 0.0152841 0.0171521 0.0192075 -0.00816069 0.00700225 0.0217814
internal_weight=87.2971 22.3756 14.0709 8.30464 64.9215 54.5225 47.5596 45.963 43.2055 2.7575 5.07847 40.081
internal_count=302 135 111 24 167 151 140 130 119 11 21 103
is_linear=0
shrinkage=0.0304053


Tree=32
num_leaves=13
num_cat=0
split_feature=39 104 188 33 273 62 363 97 49 33 363 363
split_gain=11.742 6.7584 7.11414 7.81366 7.55277 4.59378 3.41304 2.54524 2.75356 1.39258 1.02438 0.200967
threshold=1.0000000180025095e-35 1.0000000180025095e-35 1.0000000180025095e-35 1.0000000180025095e-35 1.0000000180025095e-35 1.0000000180025095e-35 1.0000000180025095e-35 1.0000000180025095e-35 1.0000000180025095e-35 1.0000000180025095e-35 1.0000000180025095e-35 1.0000000180025095e-35
decision_type=2 2 2 2 2 2 2 2 2 2 2 2
left_child=1 2 3 4 7 -4 -7 8 -1 -8 -5 -3
right_child=-2 11 5 10 -6 6 9 -9 -10 -11 -12 -13
leaf_value=-0.018674866753978645 0.042598934873314322 0.018403992407779592 0.03697133343695197 0.05189644802170261 0.042283707884903647 0.045955870478693692 0.0060621146150184775 0.032438125355444894 0.031850381615690648 -0.017795353597755675 0 0.032884769210771644
leaf_weight=25.831853993237029 13.113345086574553 14.476525574922562 8.0321623980998993 2.2232921719551078 2.2184650897979727 1.5284001827239979 4.6491377577185631 0.76736879348754783 0.76630383729934592 3.6418445706367493 1.2642145454883578 8.2444774657487869
leaf_count=167 20 38 14 3 3 2 16 1 1 17 5 15
internal_value=0.0156033 0.0105372 0.0039346 -0.00394222 -0.00953491 0.0195892 0.00343136 -0.0144332 -0.0165024 -0.00212985 0.0380305 0.0244973
internal_weight=86.7574 73.644 50.923 33.0715 29.584 17.8515 9.81938 27.3655 26.5982 8.29098 3.48751 22.721
internal_count=302 282 229 180 172 49 35 169 168 33 8 53
is_linear=0
shrinkage=0.0304053


Tree=33
num_leaves=11
num_cat=0
split_feature=39 35 168 356 321 198 203 34 61 47
split_gain=11.2822 7.45422 9.50922 6.49526 7.5764 3.40716 3.18812 1.8235 1.44057 1.44049
threshold=1.0000000180025095e-35 1.0000000180025095e-35 1.0000000180025095e-35 1.0000000180025095e-35 1.0000000180025095e-35 1.0000000180025095e-35 1.0000000180025095e-35 1.0000000180025095e-35 1.0000000180025095e-35 1.0000000180025095e-35
decision_type=2 2 2 2 2 2 2 2 2 2
left_child=1 2 3 4 5 9 7 8 -5 -1
right_child=-2 -3 -4 6 -6 -7 -8 -9 -10 -11
leaf_value=-0.028067145122268204 0.042007863300601619 0.041472466748845707 0.040782478793303267 0.011359971586997425 0.032405380189780245 0.026444390521344303 -0.027527774881611171 0.041363560490077611 -0.0081535341516556347 0
leaf_weight=13.508571721613405 12.896887481212614 6.7024000734090796 6.9404887557029715 34.671298086643219 2.6903675794601432 0.92693929374218065 1.7465665042400349 2.1992139220237723 2.7294993102550498 1.123697146773339
leaf_count=116 20 10 11 107 8 2 11 3 11 3
internal_value=0.0152929 0.010328 0.00690382 0.00263813 -0.0120168 -0.0209223 0.00956613 0.0116834 0.0094277 -0.0252246
internal_weight=86.1359 73.239 66.5366 59.5962 18.2496 15.5592 41.3466 39.6 37.4008 14.6323
internal_count=302 282 272 261 129 121 132 121 118 119
is_linear=0
shrinkage=0.0304053


Tree=34
num_leaves=13
num_cat=0
split_feature=39 35 356 104 321 203 363 29 183 224 188 103
split_gain=10.8756 7.09048 5.78656 6.55541 3.77948 3.68907 3.6453 3.08319 1.81986 1.88986 1.21373 0.20299
threshold=1.0000000180025095e-35 1.0000000180025095e-35 1.0000000180025095e-35 1.0000000180025095e-35 1.0000000180025095e-35 1.0000000180025095e-35 1.0000000180025095e-35 1.0000000180025095e-35 1.0000000180025095e-35 1.0000000180025095e-35 1.0000000180025095e-35 1.0000000180025095e-35
decision_type=2 2 2 2 2 2 2 2 2 2 2 2
left_child=1 2 3 4 -1 7 -5 8 9 -4 -8 -10
right_child=-2 -3 5 6 -6 -7 10 -9 11 -11 -12 -13
leaf_value=-0.025963165359522603 0.041446487350443602 0.04065104792324889 0.020905425131086251 -0.022320748712396914 0.027278041886610017 -0.027136081311707923 0.035262864962443782 -0.025034175980189387 -0.0067673811527816296 0 0 0.0066021459391932815
leaf_weight=11.690060123801231 12.677526116371153 6.6310728043317786 34.660870090126991 1.4052775427699078 1.0353281795978553 1.7183776795864094 4.3952397704124451 1.3596149086952198 2.9175241142511359 4.115335449576377 1.6686782389879224 1.2346428483724592
leaf_count=106 20 10 87 11 4 11 7 8 14 16 5 3
internal_value=0.0149619 0.0100898 0.00674027 -0.00620473 -0.0201348 0.0128353 0.0149854 0.0148164 0.0165223 0.0185904 0.026767 0
internal_weight=85.5095 72.832 66.2009 20.1946 12.7254 46.0064 7.4692 44.288 42.9284 38.7762 6.06392 4.15217
internal_count=302 282 272 133 110 139 23 128 120 103 12 17
is_linear=0
shrinkage=0.0304053


Tree=35
num_leaves=17
num_cat=0
split_feature=356 444 97 35 36 34 328 203 34 1 168 165 166 321 42 165
split_gain=9.6881 6.90023 4.47608 3.50408 3.0672 2.95841 2.44457 1.9596 2.32411 2.11118 1.34064 1.12646 0.733284 0.663452 1.96464 0.0183657
threshold=1.0000000180025095e-35 1.0000000180025095e-35 1.0000000180025095e-35 1.0000000180025095e-35 1.0000000180025095e-35 1.0000000180025095e-35 1.0000000180025095e-35 1.0000000180025095e-35 1.0000000180025095e-35 1.0000000180025095e-35 1.0000000180025095e-35 1.0000000180025095e-35 1.0000000180025095e-35 1.0000000180025095e-35 1.0000000180025095e-35 1.0000000180025095e-35
decision_type=2 2 2 2 2 2 2 2 2 2 2 2 2 2 2 2
left_child=1 2 3 5 6 -1 7 8 9 10 -2 -9 -6 14 -3 -8
right_child=4 13 -4 -5 12 -7 15 11 -10 -11 -12 -13 -14 -15 -16 -17
leaf_value=-0.033154263461912997 0.015411156917675894 0 0.030473884914508743 0.028738965076847336 -0.02209806093416275 0.017220559970383399 0 0.015148669765843696 0.042334702067883777 0.04240519049161566 0.038780147529774447 -0.022384985970284869 0.0033361497388158701 0.042184420147748945 0.041595682281637396 -0.0055720208040840229
leaf_weight=10.598313346505162 35.577136248350143 4.9603395834565154 1.3404188156127936 0.75761836767196733 1.3160676658153523 0.67914861440658647 2.1918712556362148 1.8618022650480262 8.5142033696174604 5.3540829718112937 3.9044165015220633 1.2218705862760544 3.0510014146566391 1.5781231820583341 1.4385007023811338 0.54429636895656575
leaf_count=105 94 21 2 1 10 1 10 5 13 9 6 8 9 3 2 3
internal_value=0.0146154 -0.00231723 -0.0164434 -0.0232518 0.0206045 -0.0284338 0.0224455 0.0238384 0.0252006 0.0215211 0.0182055 0 0 0.0189868 0.0102844 0
internal_weight=84.8892 21.3525 13.3755 12.0351 63.5367 11.2775 59.1697 56.4335 53.3498 44.8356 39.4816 3.08367 4.36707 7.97696 6.39884 2.73617
internal_count=302 135 109 107 167 106 148 135 122 109 100 13 19 26 23 13
is_linear=0
shrinkage=0.0304053


Tree=36
num_leaves=11
num_cat=0
split_feature=39 168 35 19 166 189 15 294 189 62
split_gain=10.2284 6.724 8.60064 5.29066 7.18016 8.42964 4.84189 3.08086 0.449739 0.229583
threshold=1.0000000180025095e-35 1.0000000180025095e-35 1.0000000180025095e-35 1.0000000180025095e-35 1.0000000180025095e-35 1.0000000180025095e-35 1.0000000180025095e-35 1.0000000180025095e-35 1.0000000180025095e-35 1.0000000180025095e-35
decision_type=2 2 2 2 2 2 2 2 2 2
left_child=1 2 3 4 5 6 -1 -7 9 -6
right_child=-2 -3 -4 -5 8 7 -8 -9 -10 -11
leaf_value=-0.025435577629197802 0.040481594615811516 0.039193054800213727 0.039565333836326468 0.041098678015631912 0.023628937002861953 -0.0024153470063584281 0.045197869643822289 0.021695051018030216 0 0.0092285771468148831
leaf_weight=18.588481873273853 12.260172784328459 6.6877130120992652 6.5300128161907187 3.0705322921276084 7.9692818149924323 10.675262883305551 0.75577574968337913 7.5889556258916846 1.7283083349466313 8.452988862991333
leaf_count=140 20 11 10 5 18 50 1 16 6 25
internal_value=0.0143143 0.00959659 0.00627626 0.00225686 0 -0.00746324 -0.0216887 0.00656478 0.0158196 0.0173755
internal_weight=84.3075 72.0473 65.3596 58.8296 55.7591 37.6085 19.3443 18.2642 18.1506 16.4223
internal_count=302 282 271 261 256 207 141 66 49 43
is_linear=0
shrinkage=0.0304053


Tree=37
num_leaves=17
num_cat=0
split_feature=356 104 37 62 363 188 17 49 166 249 321 188 442 107 203 17
split_gain=8.56774 5.51014 5.84435 5.18119 3.64936 3.57096 4.02145 4.87273 2.60302 2.06731 1.68564 1.29726 0.688611 0.499175 0.418855 0.0307902
threshold=1.0000000180025095e-35 1.0000000180025095e-35 1.0000000180025095e-35 1.0000000180025095e-35 1.0000000180025095e-35 1.0000000180025095e-35 1.0000000180025095e-35 1.0000000180025095e-35 1.0000000180025095e-35 1.0000000180025095e-35 1.0000000180025095e-35 1.0000000180025095e-35 1.0000000180025095e-35 1.0000000180025095e-35 1.0000000180025095e-35 1.0000000180025095e-35
decision_type=2 2 2 2 2 2 2 2 2 2 2 2 2 2 2 2
left_child=1 2 -1 5 -3 6 7 9 -5 -2 12 -6 -4 15 -8 -10
right_child=3 4 10 8 11 -7 14 -9 13 -11 -12 -13 -14 -15 -16 -17
leaf_value=-0.031497093037815477 -0.0096959987258646192 -0.021508067080299245 0.026943458563652902 -0.028648862853125928 0.035319296193334779 0.037695323394928183 0.029125157149334061 0.030595463860673782 0.0031112846245868794 0.028982329867728189 0.050609867799941935 0 -0.0051955533367795169 0.01516694412265052 0 -0.00060956421269307631
leaf_weight=8.0731544420123118 10.51750722527504 1.3512562215328205 0.7501567006111135 2.1099096983671162 4.9524436891078949 14.922361150383948 17.394463941454891 5.1864125728607169 2.8504681587219238 1.3012639284133918 0.73778611421585072 1.6577761918306348 3.3377439379692078 4.9302789568901062 1.2699020355939854 2.2778831273317337
leaf_count=91 45 11 1 15 8 26 36 9 9 2 1 5 18 13 4 8
internal_value=0.0140302 -0.00204139 -0.0151127 0.0196746 0.0167498 0.023976 0.0177018 0.00555893 0.000229411 -0.00382563 0.00836651 0.0274475 0 0.00818022 0.0277457 0
internal_weight=83.6208 20.8603 12.8988 62.7605 7.96148 50.5919 35.6695 17.0052 12.1685 11.8188 4.82569 6.61022 4.0879 10.0586 18.6644 5.12835
internal_count=302 135 111 167 24 122 96 56 45 47 20 13 19 30 40 17
is_linear=0
shrinkage=0.0304053


Tree=38
num_leaves=11
num_cat=0
split_feature=39 35 168 19 17 188 97 20 99 99
split_gain=9.62774 6.22677 7.96356 4.91743 2.75669 8.85059 2.70792 2.30618 0.558596 0.282134
threshold=1.0000000180025095e-35 1.0000000180025095e-35 1.0000000180025095e-35 1.0000000180025095e-35 1.0000000180025095e-35 1.0000000180025095e-35 1.0000000180025095e-35 1.0000000180025095e-35 1.0000000180025095e-35 1.0000000180025095e-35
decision_type=2 2 2 2 2 2 2 2 2 2
left_child=1 2 3 4 5 6 -1 9 -9 -6
right_child=-2 -3 -4 -5 7 -7 -8 8 -10 -11
leaf_value=-0.018934593002490167 0.039609236983003573 0.038343966656886552 0.038090166479272609 0.03974578042939271 0.005607701548655507 0.015684064772590964 0.031178339030887993 0 -0.026390227051770323 0.020226177046798348
leaf_weight=22.422395080327991 11.84735983610153 6.3955092281103125 6.493558168411254 3.0324916541576377 6.7222986295819291 11.564603760838507 0.76486802101135154 3.9262073785066596 1.0539002716541288 8.7116911262273788
leaf_count=157 20 10 11 5 25 30 1 16 6 21
internal_value=0.0137376 0.00915748 0.00597713 0.00206626 0 -0.00521599 -0.0164594 0.00886074 -0.0066351 0.0150913
internal_weight=82.9349 71.0875 64.692 58.1985 55.166 34.7519 23.1873 20.4141 4.98011 15.434
internal_count=302 282 272 261 256 188 158 68 22 46
is_linear=0
shrinkage=0.0304053


Tree=39
num_leaves=14
num_cat=0
split_feature=9 294 442 19 294 35 220 17 36 35 321 128 103
split_gain=7.2993 7.07187 12.8564 7.68401 3.91711 3.53091 1.41493 1.36149 0.738789 0.592951 0.914119 1.68799 0.128709
threshold=1.0000000180025095e-35 1.0000000180025095e-35 1.0000000180025095e-35 1.0000000180025095e-35 1.0000000180025095e-35 1.0000000180025095e-35 1.0000000180025095e-35 1.0000000180025095e-35 1.0000000180025095e-35 1.0000000180025095e-35 1.0000000180025095e-35 1.0000000180025095e-35 1.0000000180025095e-35
decision_type=2 2 2 2 2 2 2 2 2 2 2 2 2
left_child=1 2 3 5 8 -1 9 -3 12 10 11 -4 -2
right_child=4 7 6 -5 -6 -7 -8 -9 -10 -11 -12 -13 -14
leaf_value=-0.030709967617732304 0.032940055786833469 0.011786290861116853 0.0028150875619683516 0.04130429741615782 0 0.025266226472171027 -0.013531180652519442 0.03924529691474616 0.0047889895404605492 0.036346894954708581 0.040250092899119211 0.028979105493509044 0.012035329590820895
leaf_weight=15.122258566319941 21.977028086781512 6.2801897972822172 12.697275228798402 1.4851944446563727 3.6017317324876776 0.74151706695556718 0.77106767147779365 5.582204207777977 2.8888859003782263 2.6062674522399893 1.5717920213937748 3.5681638121604911 3.3794460967183104
leaf_count=128 44 17 54 2 11 1 5 9 8 4 3 7 9
internal_value=0.0134626 0.00576853 -6.03747e-05 -0.019955 0.0250475 -0.0268929 0.0153146 0.0263142 0.0289062 0.0173329 0.0134854 0.00972573 0.0309043
internal_weight=82.273 50.4259 38.5635 17.349 31.8471 15.8638 21.2146 11.8624 28.2454 20.4435 17.8372 16.2654 25.3565
internal_count=302 230 204 131 72 129 73 26 61 68 64 61 53
is_linear=0
shrinkage=0.0304053


Tree=40
num_leaves=11
num_cat=0
split_feature=39 35 168 198 166 98 321 99 99 61
split_gain=9.13828 5.78998 7.38719 4.46155 6.0093 6.6185 5.06941 2.09246 0.463194 0.290357
threshold=1.0000000180025095e-35 1.0000000180025095e-35 1.0000000180025095e-35 1.0000000180025095e-35 1.0000000180025095e-35 1.0000000180025095e-35 1.0000000180025095e-35 1.0000000180025095e-35 1.0000000180025095e-35 1.0000000180025095e-35
decision_type=2 2 2 2 2 2 2 2 2 2
left_child=1 2 3 4 5 6 -1 -7 9 -6
right_child=-2 -3 -4 -5 8 7 -8 -9 -10 -11
leaf_value=-0.020501547741759253 0.038869097010739755 0.0372178963822224 0.037045227120414789 0.038054767720669708 0.01719686147332878 -0.0019331055106888496 0.028154239838006578 0.02163306560102914 0 0
leaf_weight=23.361645214259628 11.464131712913511 6.2573207914829245 6.3144309669733039 2.9865181893110266 14.76345863938332 4.2688903212547284 1.8475147038698185 7.0966099053621292 1.7522864490747441 1.5152258127927787
leaf_count=169 20 10 11 5 39 17 6 15 6 4
internal_value=0.0132068 0.00874187 0.00565514 0.0018823 0 -0.00717945 -0.0161799 0.0111127 0.014266 0.0158658
internal_weight=81.628 70.1639 63.9066 57.5921 54.6056 36.5747 25.2092 11.3655 18.031 16.2787
internal_count=302 282 272 261 256 207 175 32 49 43
is_linear=0
shrinkage=0.0304053


Tree=41
num_leaves=18
num_cat=0
split_feature=39 9 35 98 31 97 99 48 441 244 214 33 98 17 165 103 31
split_gain=8.82873 9.17044 8.82638 4.893 6.95688 3.9972 3.77929 3.40634 2.1254 2.68632 1.77753 1.32908 0.953232 0.385359 0.184078 0.262631 0.0066119
threshold=1.0000000180025095e-35 1.0000000180025095e-35 1.0000000180025095e-35 1.0000000180025095e-35 1.0000000180025095e-35 1.0000000180025095e-35 1.0000000180025095e-35 1.0000000180025095e-35 1.0000000180025095e-35 1.0000000180025095e-35 1.0000000180025095e-35 1.0000000180025095e-35 1.0000000180025095e-35 1.0000000180025095e-35 1.0000000180025095e-35 1.0000000180025095e-35 1.0000000180025095e-35
decision_type=2 2 2 2 2 2 2 2 2 2 2 2 2 2 2 2 2
left_child=1 2 3 4 5 11 13 10 9 12 -6 -1 -3 16 15 -10 -5
right_child=-2 8 -4 6 7 -7 -8 -9 14 -11 -12 -13 -14 -15 -16 -17 -18
leaf_value=-0.035053554458013156 0.03845177615704632 -0.026956604400623672 0.035419374553748939 0 -0.0072730645744476415 0.03055934360107361 0.034641462586040117 0.071103593699612985 0.02476773564469591 0.026624541419586541 0.020308194702699029 -0.0032704744450835327 0 -0.021974652470432024 0.039164881689012283 0.0032197856140199267 0.0020610391368850582
leaf_weight=12.01371433585882 11.239671885967253 1.4950742125511185 5.4863455593585959 2.0473187416791898 8.5868933647871 0.76333492994308549 4.125506266951561 0.6497228145599373 11.527064993977548 3.5736237615346909 2.8802375942468634 2.8863176479935637 3.0035178065299988 0.80377826094627369 5.6056891679763785 2.8087308928370467 1.4364048168063166
leaf_count=114 20 10 9 8 44 1 7 1 24 7 7 16 8 4 9 8 5
internal_value=0.0129472 0.00856027 -3.17771e-05 -0.00593243 -0.012447 -0.0259963 0.0133197 0.00350291 0.0220204 0.00565929 0 -0.0301727 -0.00678192 -0.00277836 0.0276896 0.0218718 0
internal_weight=80.9329 69.6933 41.6796 36.1932 27.7802 15.6634 8.41301 12.1169 28.0137 8.07222 11.4671 14.9 4.49859 4.2875 19.9415 14.3358 3.48372
internal_count=302 282 216 207 183 131 24 52 66 25 51 130 18 17 41 32 13
is_linear=0
shrinkage=0.0304053


Tree=42
num_leaves=16
num_cat=0
split_feature=356 444 9 35 249 1 224 9 104 104 321 42 213 35 29
split_gain=6.71446 5.77524 3.62243 3.2875 2.69863 2.50799 7.41736 3.93019 5.60408 1.96203 0.469288 1.45015 0.299514 0.138057 0.0688746
threshold=1.0000000180025095e-35 1.0000000180025095e-35 1.0000000180025095e-35 1.0000000180025095e-35 1.0000000180025095e-35 1.0000000180025095e-35 1.0000000180025095e-35 1.0000000180025095e-35 1.0000000180025095e-35 1.0000000180025095e-35 1.0000000180025095e-35 1.0000000180025095e-35 1.0000000180025095e-35 1.0000000180025095e-35 1.0000000180025095e-35
decision_type=2 2 2 2 2 2 2 2 2 2 2 2 2 2 2
left_child=1 2 3 -1 5 6 7 8 14 -4 11 -3 -9 -10 -2
right_child=4 10 9 -5 -6 -7 -8 12 13 -11 -12 -13 -14 -15 -16
leaf_value=-0.032125083692481821 -0.0055014812750608126 0 -0.01428687965251829 0.022806757486146783 0.035922358517115463 0.036757987190639656 -0.035021495891615718 0.025560823573174879 0.011558891233258749 0.031980994567881213 0.038204827600379521 0.036766956418063011 0.0041513923507573896 0.03116342368176947 -0.02385743297615326
leaf_weight=8.4922446757555008 9.7106128931045514 4.7866128012537947 0.90347311645746153 0.72595727443695146 8.0480828285217267 5.1108661741018286 2.7003750056028357 20.858813792467121 5.7195738255977631 1.8599071502685547 1.5648423880338667 1.372616648674011 2.8924314081668845 4.068282350897789 1.3049559742212302
leaf_count=97 48 21 8 1 15 10 15 43 13 3 3 2 8 7 8
internal_value=0.0127158 -0.00184151 -0.0159103 -0.0257344 0.0177783 0.0146255 0.011828 0.0150955 0.00429596 0.00998894 0.0175223 0.00917184 0.0237538 0.0216532 -0.00940463
internal_weight=80.1196 19.7057 11.9816 9.2182 60.414 52.3659 47.255 44.5547 20.8034 2.76338 7.72407 6.15923 23.7512 9.78786 11.0156
internal_count=302 135 109 98 167 152 142 127 76 11 26 23 51 20 56
is_linear=0
shrinkage=0.0304053


Tree=43
num_leaves=15
num_cat=0
split_feature=39 9 35 231 37 42 33 99 441 15 33 61 98 447
split_gain=8.26015 8.20955 8.08806 4.59635 4.41609 3.57227 2.91492 2.53665 2.03033 1.50849 1.46597 1.20202 0.2059 0.183554
threshold=1.0000000180025095e-35 1.0000000180025095e-35 1.0000000180025095e-35 1.0000000180025095e-35 1.0000000180025095e-35 1.0000000180025095e-35 1.0000000180025095e-35 1.0000000180025095e-35 1.0000000180025095e-35 1.0000000180025095e-35 1.0000000180025095e-35 1.0000000180025095e-35 1.0000000180025095e-35 1.0000000180025095e-35
decision_type=2 2 2 2 2 2 2 2 2 2 2 2 2 2
left_child=1 2 3 4 5 10 9 13 12 -6 -1 -10 -3 -5
right_child=-2 8 -4 7 6 -7 -8 -9 11 -11 -12 -13 -14 -15
leaf_value=-0.033979863700365716 0.037686670577360332 0.0090123180566658127 0.03436833414170222 0.0069693976521905494 -0.0101997575641743 0.0052125315514614983 0.031016665496499927 0.035491396612757298 0.029601262826974058 0.026817914005616516 -0.00045114375083199124 0 0 -0.0070407215958667776
leaf_weight=10.708905458450316 10.804387867450712 4.790030740201475 5.3573732674121848 1.1829912364482873 9.5468258857727015 2.5263667032122621 2.5192547291517267 3.2056454718112946 17.135535217821602 0.93247431516647417 2.6902307495474806 2.5246786326169959 3.2343868911266327 2.2589374035596848
leaf_count=109 20 16 9 5 50 9 5 5 34 2 15 7 9 7
internal_value=0.0124703 0.00822158 0 -0.00567628 -0.0113087 -0.0220998 0.000453271 0.0159702 0.0210151 -0.00508832 -0.0286665 0.0265935 0.004978 0
internal_weight=79.418 68.6136 40.929 35.5716 28.9241 15.9255 12.9986 6.64757 27.6846 10.4793 13.3991 19.6602 8.02442 3.44193
internal_count=302 282 216 207 190 133 57 17 66 52 124 41 25 12
is_linear=0
shrinkage=0.0304053


Tree=44
num_leaves=15
num_cat=0
split_feature=39 9 35 231 31 198 99 33 321 231 33 61 4 4
split_gain=7.98106 7.74751 7.69546 4.35893 7.03506 2.72275 2.40917 2.31566 1.37122 1.16341 1.1512 0.728265 0.63045 0.00127325
threshold=1.0000000180025095e-35 1.0000000180025095e-35 1.0000000180025095e-35 1.0000000180025095e-35 1.0000000180025095e-35 1.0000000180025095e-35 1.0000000180025095e-35 1.0000000180025095e-35 1.0000000180025095e-35 1.0000000180025095e-35 1.0000000180025095e-35 1.0000000180025095e-35 1.0000000180025095e-35 1.0000000180025095e-35
decision_type=2 2 2 2 2 2 2 2 2 2 2 2 2 2
left_child=1 2 3 4 5 10 -5 8 -6 11 -1 12 -3 -13
right_child=-2 9 -4 6 7 -7 -8 -9 -10 -11 -12 13 -14 -15
leaf_value=-0.034330143558501919 0.037316823498597808 0.026127166532101218 0.033797762264975682 0 -0.0056490762685758276 0.018556293307033674 0.034665057737256193 0.030158140803579349 0.0323462193654998 0 -0.0040612319468466811 0 0 0.00096281354211341782
leaf_weight=11.152145661413668 10.583124250173567 20.392432369291793 5.2833572328090659 3.4424718618392935 10.381769806146618 0.69160664081573564 3.1826829761266708 2.5123705565929422 0.90151186287403184 3.0058930218219748 2.9755802080035201 1.2574683278799048 1.6331630200147618 1.2672103047370911
leaf_count=113 20 46 9 12 52 1 5 5 2 8 17 4 5 3
internal_value=0.0122428 0.00806477 0 -0.00552621 -0.011068 -0.0257832 0.0155392 0.00336476 -0.000923975 0.020508 -0.0293008 0.0227128 0.0246081 0
internal_weight=78.6628 68.0797 40.5235 35.2401 28.615 14.8193 6.62515 13.7957 11.2833 27.5562 14.1277 24.5503 22.0256 2.52468
internal_count=302 282 216 207 190 131 17 59 54 66 130 58 51 7
is_linear=0
shrinkage=0.0304053


Tree=45
num_leaves=15
num_cat=0
split_feature=39 9 35 231 198 321 48 441 188 61 103 103 103 17
split_gain=7.71686 7.31102 7.32595 4.12424 3.78633 3.76876 3.54395 1.9421 3.46656 1.07123 1.50582 0.583403 0.264021 0.0999725
threshold=1.0000000180025095e-35 1.0000000180025095e-35 1.0000000180025095e-35 1.0000000180025095e-35 1.0000000180025095e-35 1.0000000180025095e-35 1.0000000180025095e-35 1.0000000180025095e-35 1.0000000180025095e-35 1.0000000180025095e-35 1.0000000180025095e-35 1.0000000180025095e-35 1.0000000180025095e-35 1.0000000180025095e-35
decision_type=2 2 2 2 2 2 2 2 2 2 2 2 2 2
left_child=1 2 3 4 5 6 -1 8 11 10 -9 -3 -11 -5
right_child=-2 7 -4 13 -6 -7 -8 9 -10 12 -12 -13 -14 -15
leaf_value=-0.02057504970567756 0.036961008312405758 0 0.033244780579012083 0.00089646695578825839 0.030829672292227665 0.022933092961386667 0.030956780216449334 0.032185054670426164 0.039679732983758015 -0.00014876963115569234 0 -0.025851252188317183 0.015466333378422681 0.02038916999239735
leaf_weight=23.76392050087453 10.363519072532652 4.9900990277528781 5.2091110795736304 2.7696248739957801 1.616183429956435 1.9142430499196041 1.0147215574979771 14.486403927206998 2.0494581460952759 1.5070675015449515 2.3942502811551085 0.99310111254453648 1.0176705420017242 3.8314253836870193
leaf_count=177 20 17 9 7 3 7 3 27 3 5 7 5 2 10
internal_value=0.0120162 0.00790726 0 -0.00538575 -0.0108319 -0.0140685 -0.0176954 0.0200062 0.00435152 0.0255064 0.0283993 -0.00458889 0 0.0150898
internal_weight=77.9208 67.5573 40.1192 34.9101 28.3091 26.6929 24.7786 27.4381 8.03266 19.4054 16.8807 5.9832 2.52474 6.60105
internal_count=302 282 216 207 190 187 180 66 25 41 34 22 7 17
is_linear=0
shrinkage=0.0304053


Tree=46
num_leaves=13
num_cat=0
split_feature=39 9 35 231 37 321 48 273 168 61 231 17
split_gain=7.45106 6.87635 6.95102 3.91481 4.06615 2.18596 2.42163 2.12564 1.22347 0.92799 0.72651 0.0772312
threshold=1.0000000180025095e-35 1.0000000180025095e-35 1.0000000180025095e-35 1.0000000180025095e-35 1.0000000180025095e-35 1.0000000180025095e-35 1.0000000180025095e-35 1.0000000180025095e-35 1.0000000180025095e-35 1.0000000180025095e-35 1.0000000180025095e-35 1.0000000180025095e-35
decision_type=2 2 2 2 2 2 2 2 2 2 2 2
left_child=1 2 3 4 7 6 -6 -1 9 10 -3 -5
right_child=-2 8 -4 11 5 -7 -8 -9 -10 -11 -12 -13
leaf_value=-0.024370167572337963 0.036618311878398077 0.019127239473387146 0.032708098274730611 0.00086921594611431342 -0.0080412274644817584 0.035517691054361519 0.043641654055289469 0.017352234002419961 0.034669702161897589 0 0 0.019811871127041379
leaf_weight=14.527773752808569 10.14581662416458 16.542833261191856 5.1347874701023093 2.7696805447340003 10.438337743282315 1.5504933148622519 0.85380429029464799 0.68040663003921587 5.8355190455913535 1.8785611391067494 3.0027138590812674 3.8233789503574371
leaf_count=132 20 41 9 7 52 3 2 1 11 6 8 10
internal_value=0.0118137 0.0077751 0 -0.00518114 -0.0105405 0.000667731 -0.00244306 -0.0212524 0.0195408 0.01453 0.016592 0.0147369
internal_weight=77.1841 67.0383 39.7787 34.6439 28.0508 12.8426 11.2921 15.2082 27.2596 21.4241 19.5455 6.59306
internal_count=302 282 216 207 190 57 54 133 66 55 49 17
is_linear=0
shrinkage=0.0304053


Tree=47
num_leaves=17
num_cat=0
split_feature=39 9 31 98 2 321 226 187 363 248 62 61 62 17 165 98
split_gain=7.2048 6.4629 6.08953 7.52128 6.06593 2.83448 4.85497 2.55655 1.60297 3.10573 2.18462 2.17217 1.63045 1.36091 3.33028 0.845378
threshold=1.0000000180025095e-35 1.0000000180025095e-35 1.0000000180025095e-35 1.0000000180025095e-35 1.0000000180025095e-35 1.0000000180025095e-35 1.0000000180025095e-35 1.0000000180025095e-35 1.0000000180025095e-35 1.0000000180025095e-35 1.0000000180025095e-35 1.0000000180025095e-35 1.0000000180025095e-35 1.0000000180025095e-35 1.0000000180025095e-35 1.0000000180025095e-35
decision_type=2 2 2 2 2 2 2 2 2 2 2 2 2 2 2 2
left_child=1 2 3 7 -4 6 -6 -1 9 15 11 -10 -11 14 -5 -3
right_child=-2 8 4 13 5 -7 -8 -9 10 12 -12 -13 -14 -15 -16 -17
leaf_value=-0.028659575881249549 0.03628787928255138 -0.027334812659417909 0.026858771468831817 -0.037463410161390605 -0.033989330211748242 0.042671718996050288 0.017959297149710236 0.0077590847608280536 0.037811309846567089 0 0.0037734323023821143 0 0.043761899928171824 0.023794089102713155 0.041251527518345342 0
leaf_weight=13.127442501485348 9.9302382767200452 1.5105495676398293 11.230763360857965 1.2602453380823129 4.6797020658850661 0.76223129034042347 2.0516766160726547 1.1577949970960624 10.515295356512071 1.8391028940677641 5.3319619968533507 2.5164174437522879 2.2319931983947754 4.4107009321451187 0.76514887809753407 3.1797039806842804
leaf_count=126 20 10 33 7 30 1 4 5 18 5 14 7 3 9 1 9
internal_value=0.0116019 0.00763298 0 -0.0115782 0.0123397 -0.0068886 -0.0153348 -0.0243779 0.0190586 0.00534048 0.0245679 0.0316166 0.0260863 0.0138802 0 -0.00862439
internal_weight=76.501 66.5707 39.4457 20.7213 18.7244 7.49361 6.73138 14.2852 27.125 8.76135 18.3637 13.0317 4.0711 6.4361 2.02539 4.69025
internal_count=302 282 216 148 68 35 34 131 66 27 39 25 8 17 8 19
is_linear=0
shrinkage=0.0304053


Tree=48
num_leaves=8
num_cat=0
split_feature=39 168 35 19 203 187 321
split_gain=6.95633 4.46567 5.36366 3.57088 2.25809 2.0526 1.93542
threshold=1.0000000180025095e-35 1.0000000180025095e-35 1.0000000180025095e-35 1.0000000180025095e-35 1.0000000180025095e-35 1.0000000180025095e-35 1.0000000180025095e-35
decision_type=2 2 2 2 2 2 2
left_child=1 2 3 4 5 6 -1
right_child=-2 -3 -4 -5 -6 -7 -8
leaf_value=-0.0016572208366624857 0.035968922739077341 0.033901315405512722 0.03309783267685866 0.034784679489124289 -0.029322786843339502 0.032285321522127694 0.025825160300959816
leaf_weight=45.126914143562317 9.7169808447360975 5.6603054106235495 5.6471285074949256 2.8194675743579856 2.3664935603737822 1.8664743900299061 2.4943934828042975
leaf_count=224 20 11 10 5 19 5 8
internal_value=0.011417 0.00751225 0.00471984 0.00144 -8.47395e-06 0.00101106 0
internal_weight=75.6982 65.9812 60.3209 54.6737 51.8543 49.4878 47.6213
internal_count=302 282 271 261 256 237 232
is_linear=0
shrinkage=0.0304053


Tree=49
num_leaves=16
num_cat=0
split_feature=356 31 97 249 1 224 9 104 190 97 220 61 4 442 4
split_gain=5.06084 4.13069 5.01208 2.1215 2.20905 6.40318 2.82725 3.8058 2.10233 1.63375 1.12073 0.335431 0.565797 0.300374 0.000507075
threshold=1.0000000180025095e-35 1.0000000180025095e-35 1.0000000180025095e-35 1.0000000180025095e-35 1.0000000180025095e-35 1.0000000180025095e-35 1.0000000180025095e-35 1.0000000180025095e-35 1.0000000180025095e-35 1.0000000180025095e-35 1.0000000180025095e-35 1.0000000180025095e-35 1.0000000180025095e-35 1.0000000180025095e-35 1.0000000180025095e-35
decision_type=2 2 2 2 2 2 2 2 2 2 2 2 2 2 2
left_child=1 2 8 4 5 6 7 9 -1 -2 13 12 -8 -3 -13
right_child=3 10 -4 -5 -6 -7 11 -9 -10 -11 -12 14 -14 -15 -16
leaf_value=-0.031687727790043252 -0.012450441602540746 0.037325491911637039 0.027593412252749441 0.033240222313107172 0.034605943212675412 -0.034305013119861512 0.023839820379770303 0.018460690495607324 0.0086267014471872357 0.028567501306724415 -0.010455429557628425 0 0 0.0096963139221069895 0.00060743694116549855
leaf_weight=7.7841955013573152 9.7032454609870893 1.4438169598579405 1.622551083564759 6.9863499850034705 4.6617908477783194 2.5814088806509963 18.912009075284011 9.3031924664974213 0.58855646848678578 0.75698488950729448 0.71000275015830983 1.1115216910839072 1.6369064301252354 6.1496018692851067 1.2679126709699631
leaf_count=100 55 2 3 15 10 15 40 20 1 1 5 3 5 24 3
internal_value=0.0111661 -0.00183819 -0.0158856 0.0156802 0.0128415 0.0101791 0.0133156 0.00367539 -0.0265846 -0.00766073 0.0127848 0.0207957 0.0223073 0.0174607 0
internal_weight=75.22 18.2987 9.9953 56.9213 49.935 45.2732 42.6918 19.7634 8.37275 10.4602 8.30342 22.9283 20.5489 7.59342 2.37943
internal_count=302 135 104 167 152 142 127 76 101 56 31 51 45 26 6
is_linear=0
shrinkage=0.0304053


Tree=50
num_leaves=19
num_cat=0
split_feature=356 444 62 9 188 9 49 61 107 246 185 50 328 103 61 166 188 203
split_gain=4.77224 4.86205 4.23524 4.51357 3.06714 2.67498 2.60982 2.20645 2.52145 2.98912 1.94988 1.15371 1.05618 0.806397 0.684734 0.36565 0.360478 0.330211
threshold=1.0000000180025095e-35 1.0000000180025095e-35 1.0000000180025095e-35 1.0000000180025095e-35 1.0000000180025095e-35 1.0000000180025095e-35 1.0000000180025095e-35 1.0000000180025095e-35 1.0000000180025095e-35 1.0000000180025095e-35 1.0000000180025095e-35 1.0000000180025095e-35 1.0000000180025095e-35 1.0000000180025095e-35 1.0000000180025095e-35 1.0000000180025095e-35 1.0000000180025095e-35 1.0000000180025095e-35
decision_type=2 2 2 2 2 2 2 2 2 2 2 2 2 2 2 2 2 2
left_child=1 5 4 -4 7 6 -1 8 12 10 -10 -7 15 16 -6 -2 -5 -3
right_child=2 17 3 13 14 11 -8 -9 9 -11 -12 -13 -14 -15 -16 -17 -18 -19
leaf_value=-0.031329909514705746 0.016363321964269678 0.018494716462453913 -0.031194903180014437 0 0.037571830869171763 -0.011596223330515069 0.01657821594394495 -0.022160059299286553 -0.037479015858807169 0.023273062157062766 0 0.024314819918592478 0 0 0.005064454579403267 0.03198414129036934 0.02037946067882826 0
leaf_weight=7.4114651940763014 17.023042082786571 6.4022582545876494 3.2749348580837223 1.5613207817077634 10.382963702082632 0.79240792989730757 0.67292523384094227 1.1008625775575627 2.3990994095802303 2.1992410868406296 0.81110236048698414 1.7646631896495819 2.3067480474710456 1.8847829550504682 2.1445108205080023 6.4261723011732093 4.9623998999595642 1.0286151841282842
leaf_count=97 43 22 24 5 21 7 1 7 15 5 2 4 11 6 5 13 10 4
internal_value=0.0109658 -0.00171295 0.0153591 0 0.0196172 -0.0158155 -0.0249899 0.0136267 0.0155018 -0.000149544 -0.0221126 0.00576674 0.019526 0.0108123 0.0335248 0.021457 0.0162757 0.0159265
internal_weight=74.5495 18.0723 56.4772 11.6834 44.7937 10.6415 8.08439 32.2663 31.1654 5.40944 3.2102 2.55707 25.756 8.4085 12.5275 23.4492 6.52372 7.43087
internal_count=302 135 167 45 122 109 98 96 89 22 17 11 67 21 26 56 15 26
is_linear=0
shrinkage=0.0304053


Tree=51
num_leaves=14
num_cat=0
split_feature=39 168 19 356 37 99 62 188 321 33 227 10 91
split_gain=6.39328 4.11609 2.54618 2.67629 5.49604 1.8187 1.05274 1.48405 1.0037 0.488457 0.193407 0.207364 0.174316
threshold=1.0000000180025095e-35 1.0000000180025095e-35 1.0000000180025095e-35 1.0000000180025095e-35 1.0000000180025095e-35 1.0000000180025095e-35 1.0000000180025095e-35 1.0000000180025095e-35 1.0000000180025095e-35 1.0000000180025095e-35 1.0000000180025095e-35 1.0000000180025095e-35 1.0000000180025095e-35
decision_type=2 2 2 2 2 2 2 2 2 2 2 2 2
left_child=1 2 3 4 5 -1 7 9 12 -5 11 -8 -6
right_child=-2 -3 -4 6 8 -7 10 -9 -10 -11 -12 -13 -14
leaf_value=-0.031184811178714203 0.035126969543482947 0.032968207924801832 0.033462315140729025 0.0036562308121658323 0 0.00088848367813044483 0.002953235492776346 0.026378554788168421 0.032002422900689012 0.023707207025751589 -0.014123559824815654 -0.011656544269225048 0.010441786761329034
leaf_weight=7.2231101319193822 9.1229769289493543 5.412995219230651 2.7614034712314597 23.090424440801151 4.257279060781002 0.69087543338537205 9.9406777396798081 4.9299880713224402 1.5387224853038786 1.7620732635259617 0.89293190836906511 0.77133394777774889 1.4758457541465757
leaf_count=99 20 11 5 78 22 2 31 10 3 4 8 6 3
internal_value=0.0107576 0.00702936 0.00434164 0.0025831 -0.00776491 -0.0259867 0.00683905 0.0098829 0.00945751 0.00584422 0 0.000126301 8.40946e-05
internal_weight=73.8706 64.7477 59.3347 56.5733 15.1858 7.91399 41.3874 29.7825 7.27185 24.8525 11.6049 10.712 5.73312
internal_count=302 282 271 266 129 101 137 92 28 82 45 37 25
is_linear=0
shrinkage=0.0304053


Tree=52
num_leaves=13
num_cat=0
split_feature=34 41 166 98 225 31 168 9 9 226 104 36
split_gain=4.03906 3.50615 3.44608 3.58658 3.35785 3.23062 5.73233 2.09726 1.2097 0.637677 0.603887 0.104018
threshold=1.0000000180025095e-35 1.0000000180025095e-35 1.0000000180025095e-35 1.0000000180025095e-35 1.0000000180025095e-35 1.0000000180025095e-35 1.0000000180025095e-35 1.0000000180025095e-35 1.0000000180025095e-35 1.0000000180025095e-35 1.0000000180025095e-35 1.0000000180025095e-35
decision_type=2 2 2 2 2 2 2 2 2 2 2 2
left_child=1 2 3 4 5 6 -1 -4 -5 -7 -10 -9
right_child=-2 -3 7 8 -6 9 -8 11 10 -11 -12 -13
leaf_value=-0.030654846851987164 0.032721977807019402 0.026591225988519658 0 0.017394664065736351 0.025366980651773841 -0.00092239127091484692 0.026419380017956701 0.02506011420838412 -0.024652459359975318 0.027731564503033036 0.0030761406129643453 0.0045430087863134521
leaf_weight=10.876539379358293 7.3801081776618949 8.4397321641445142 6.2137744426727304 10.107718653976915 2.2595665603876105 9.3439387232065183 1.5543900728225715 10.232643052935599 0.87651661038398687 0.75365829467773515 2.5362123548984528 2.7458766847848901
leaf_count=121 16 21 25 27 5 46 3 20 4 1 6 7
internal_value=0.0105512 0.00778066 0.00468841 -9.541e-05 -0.00744832 -0.011585 -0.0219868 0.0152252 0.0119798 0 0 0.022184
internal_weight=73.3207 65.9406 57.5008 38.3085 24.7881 22.5285 12.4309 19.1923 13.5204 10.0976 3.41273 12.9785
internal_count=302 286 265 213 176 171 124 52 37 47 10 27
is_linear=0
shrinkage=0.0304053


Tree=53
num_leaves=18
num_cat=0
split_feature=356 444 98 97 41 2 61 103 4 443 328 2 203 203 31 166 35
split_gain=4.06317 4.28102 2.38827 3.50187 2.13691 2.24776 1.55738 2.73859 2.03219 1.65625 1.11684 0.837127 0.556043 0.477756 0.418387 0.263355 0.020338
threshold=1.0000000180025095e-35 1.0000000180025095e-35 1.0000000180025095e-35 1.0000000180025095e-35 1.0000000180025095e-35 1.0000000180025095e-35 1.0000000180025095e-35 1.0000000180025095e-35 1.0000000180025095e-35 1.0000000180025095e-35 1.0000000180025095e-35 1.0000000180025095e-35 1.0000000180025095e-35 1.0000000180025095e-35 1.0000000180025095e-35 1.0000000180025095e-35 1.0000000180025095e-35
decision_type=2 2 2 2 2 2 2 2 2 2 2 2 2 2 2 2 2
left_child=1 2 3 -1 5 6 7 8 13 -8 12 14 16 -2 -3 -10 -7
right_child=4 11 -4 -5 -6 10 9 -9 15 -11 -12 -13 -14 -15 -16 -17 -18
leaf_value=-0.031192854107235015 0.024220374617771458 0 0.011167019530492914 0.019763339363433583 0.031391891630896201 0.0031365098670138414 -0.034346521556001292 -0.00267380906055292 -0.015778124019956749 0.013909536396833311 -0.024385518419088519 0 -0.013634777175200301 0 0.025480577562933426 0 0.015546918993062432
leaf_weight=7.4037799686193466 24.928907886147506 0.94827352464198966 1.6496664211153991 1.0192096233367918 7.2984477877616873 9.5195774063467908 1.1423909217119208 3.8032570257782927 0.97540920227765959 1.0196164399385452 1.4112065881490714 2.1269563436508179 0.85053327679634172 0.9790416806936254 4.2952922731637955 1.3965428322553635 1.9517452716827399
leaf_count=101 63 5 6 2 16 29 6 14 9 2 9 10 7 4 11 4 4
internal_value=0.0103572 -0.00147838 -0.0153247 -0.0227689 0.0144355 0.0114587 0.0156406 0.017477 0.0208585 -0.00282589 0 0.0148673 0.00394485 0.0233969 0.021405 0 0.00690614
internal_weight=72.7199 17.4432 10.0727 8.42299 55.2767 47.9782 34.2452 32.0832 28.2799 2.16201 13.7331 7.37052 12.3219 25.9079 5.24357 2.37195 11.4713
internal_count=302 135 109 103 167 151 102 94 80 8 49 26 40 67 16 13 33
is_linear=0
shrinkage=0.0304053


Tree=54
num_leaves=15
num_cat=0
split_feature=39 9 35 231 31 198 33 27 33 168 61 103 103 244
split_gain=6.01345 4.91169 5.51527 3.10009 5.47038 2.12139 1.83578 1.94473 1.36725 1.10542 0.724501 1.68047 1.17191 0.155161
threshold=1.0000000180025095e-35 1.0000000180025095e-35 1.0000000180025095e-35 1.0000000180025095e-35 1.0000000180025095e-35 1.0000000180025095e-35 1.0000000180025095e-35 1.0000000180025095e-35 1.0000000180025095e-35 1.0000000180025095e-35 1.0000000180025095e-35 1.0000000180025095e-35 1.0000000180025095e-35 1.0000000180025095e-35
decision_type=2 2 2 2 2 2 2 2 2 2 2 2 2 2
left_child=1 2 3 4 5 8 7 -6 -1 10 11 13 -12 -3
right_child=-2 9 -4 -5 6 -7 -8 -9 -10 -11 12 -13 -14 -15
leaf_value=-0.033460593134301345 0.034474071774242505 0.0090619312684986509 0.030108488200647269 0.012717262008682402 -0.0068849259993640491 0.013171374968018333 0.026905988057953165 0.037027739447238556 -0.0008234112233249201 0.031954617569369466 -0.032554625420725423 -0.00032546721357478857 0.013483522248469932 0.02375913848673198
leaf_weight=9.5598805136978608 8.6350910365581495 6.8678100630641064 4.7470381259918204 6.467165768146514 10.072872467339035 0.63795518875122148 2.4215033948421487 0.97375476360321123 2.7671671584248534 5.1628135889768592 0.84429700672626373 3.5115446597337714 1.0199262350797653 8.4959298670291901
leaf_count=113 20 20 9 17 50 1 5 4 17 11 4 12 2 17
internal_value=0.0101336 0.00652621 0 -0.0049098 -0.00994164 -0.0241995 0.00237586 -0.00128762 -0.0276761 0.0167265 0.0120166 0.0139334 0 0.0184277
internal_weight=72.1847 63.5497 37.6473 32.9003 26.4331 12.965 13.4681 11.0466 12.327 25.9023 20.7395 18.8753 1.86422 15.3637
internal_count=302 282 216 207 190 131 59 54 130 66 55 49 6 37
is_linear=0
shrinkage=0.0304053


Tree=55
num_leaves=11
num_cat=0
split_feature=34 35 168 356 1 321 231 61 47 29
split_gain=3.73953 3.29095 3.29547 3.58374 3.16775 2.73767 1.64358 1.10802 0.735073 0.528454
threshold=1.0000000180025095e-35 1.0000000180025095e-35 1.0000000180025095e-35 1.0000000180025095e-35 1.0000000180025095e-35 1.0000000180025095e-35 1.0000000180025095e-35 1.0000000180025095e-35 1.0000000180025095e-35 1.0000000180025095e-35
decision_type=2 2 2 2 2 2 2 2 2 2
left_child=1 2 3 5 6 7 9 8 -1 -5
right_child=-2 -3 -4 4 -6 -7 -8 -9 -10 -11
leaf_value=-0.023288695248204198 0.031826635272356948 0.030980548845025883 0.030291962703932983 0.00054171286251577903 0.032317711716575125 0.019559719753533131 0.013932582308696033 0 0 -0.020482617935763399
leaf_weight=9.3163751997053552 7.041791394352912 5.2747099995613089 4.4807120114564887 25.217422105371956 4.3458942323923102 1.8310059830546386 10.368208125233648 1.4270046651363379 1.0563621819019324 1.1442774385213841
leaf_count=110 16 10 10 96 10 7 24 8 3 8
internal_value=0.00995254 0.00726726 0.00483186 0.00239812 0.00716158 -0.0105621 0.00366605 -0.0168485 -0.020534 0
internal_weight=71.5038 64.462 59.1873 54.7065 41.0758 13.6307 36.7299 11.7997 10.3727 26.3617
internal_count=302 286 276 266 138 128 128 121 113 104
is_linear=0
shrinkage=0.0304053


Tree=56
num_leaves=14
num_cat=0
split_feature=39 9 35 231 37 19 33 27 33 168 61 231 17
split_gain=5.72117 4.54774 5.04488 2.84094 3.0348 5.83939 1.99566 2.802 1.3486 1.02237 0.6735 0.64074 0.206795
threshold=1.0000000180025095e-35 1.0000000180025095e-35 1.0000000180025095e-35 1.0000000180025095e-35 1.0000000180025095e-35 1.0000000180025095e-35 1.0000000180025095e-35 1.0000000180025095e-35 1.0000000180025095e-35 1.0000000180025095e-35 1.0000000180025095e-35 1.0000000180025095e-35 1.0000000180025095e-35
decision_type=2 2 2 2 2 2 2 2 2 2 2 2 2
left_child=1 2 3 4 5 8 7 -6 -1 10 11 -3 -5
right_child=-2 9 -4 12 6 -7 -8 -9 -10 -11 -12 -13 -14
leaf_value=-0.03326899680763741 0.034030054556478541 0.015862621464335418 0.029182016481395727 0 -0.011423186609935585 0.0337606226710453 0.02588493503610154 0.042164906492830383 -0.00071518329642094355 0.031155484836901275 0 0 0.017464351334965461
leaf_weight=9.3201866522431356 8.2939199209213239 15.772038631141195 4.6003399342298499 2.7580138444900504 9.262911513447758 1.3740631341934211 2.4045744538307199 0.9049461558461197 2.7615006715059272 4.9861585050821295 1.8600341975688923 2.9995524138212195 3.6809132099151611
leaf_count=114 20 41 9 7 49 2 5 3 17 11 6 8 10
internal_value=0.00976311 0.00624814 -5.76956e-05 -0.00478759 -0.00967841 -0.0197394 0 -0.00477714 -0.0274014 0.0161126 0.0115534 0.0134115 0.0120305
internal_weight=70.9792 62.6852 37.0674 32.4671 26.0282 13.4558 12.5724 10.1679 12.0817 25.6178 20.6316 18.7716 6.43893
internal_count=302 282 216 207 190 133 57 52 131 66 55 49 17
is_linear=0
shrinkage=0.0304053


Tree=57
num_leaves=13
num_cat=0
split_feature=34 35 168 166 231 214 48 9 61 9 33 107
split_gain=3.50122 3.03031 3.02223 2.7491 3.49366 2.48587 2.66274 2.00598 0.579123 0.546037 0.222834 0.109037
threshold=1.0000000180025095e-35 1.0000000180025095e-35 1.0000000180025095e-35 1.0000000180025095e-35 1.0000000180025095e-35 1.0000000180025095e-35 1.0000000180025095e-35 1.0000000180025095e-35 1.0000000180025095e-35 1.0000000180025095e-35 1.0000000180025095e-35 1.0000000180025095e-35
decision_type=2 2 2 2 2 2 2 2 2 2 2 2
left_child=1 2 3 4 5 6 -1 -5 -9 -6 -7 -2
right_child=11 -3 -4 7 9 10 -8 8 -10 -11 -12 -13
leaf_value=-0.015756174003574867 0.034645484392229552 0.030130348154297368 0.029482173970360917 -0.00018220226372453981 0.015826142173578441 0 0.028823309230128102 0.020948482159102572 0 0 0.026586007843417477 0
leaf_weight=21.045375972986228 5.5886131823062888 5.1161617487668982 4.3248503655195227 5.5981029048562059 7.6964095234870893 1.4751101881265631 1.0317693799734104 11.474026665091513 1.5173465907573707 2.9995524138212204 1.2208088636398315 1.2089740186929701
leaf_count=175 12 10 10 25 20 5 3 24 4 8 2 4
internal_value=0.00959257 0.00698161 0.00462658 0.00228547 -0.00223507 -0.00894753 -0.0128096 0.0119313 0.0186116 0.0115351 0.0156237 0.0311783
internal_weight=70.2971 63.4995 58.3834 54.0585 35.469 24.7731 22.0771 18.5895 12.9914 10.696 2.69592 6.79759
internal_count=302 286 276 266 213 185 178 53 28 28 7 16
is_linear=0
shrinkage=0.0304053


Tree=58
num_leaves=16
num_cat=0
split_feature=34 35 188 17 97 62 90 9 48 246 104 90 90 17 47
split_gain=3.38521 2.89836 3.54915 4.23341 5.31668 4.20335 4.0557 3.31296 2.1025 1.88822 0.860396 2.43495 0.89207 0.560597 0.184621
threshold=1.0000000180025095e-35 1.0000000180025095e-35 1.0000000180025095e-35 1.0000000180025095e-35 1.0000000180025095e-35 1.0000000180025095e-35 1.0000000180025095e-35 1.0000000180025095e-35 1.0000000180025095e-35 1.0000000180025095e-35 1.0000000180025095e-35 1.0000000180025095e-35 1.0000000180025095e-35 1.0000000180025095e-35 1.0000000180025095e-35
decision_type=2 2 2 2 2 2 2 2 2 2 2 2 2 2 2
left_child=1 2 3 4 6 -4 9 -7 -8 -1 12 -12 14 -9 -5
right_child=-2 -3 5 10 -6 7 8 13 -10 -11 11 -13 -14 -15 -16
leaf_value=-0.034324359734047676 0.030850950950570728 0.029696818081519444 0.026919376228709695 0.0013462485948090052 0.033124895870925264 -0.029538019916784421 -0.006392362305082883 0.01635239278696082 0.042365493705080332 0 -0.00062558543990287065 0.02989887570918464 -0.020759720802948915 0 0.023710023806256038
leaf_weight=8.5465486384928244 6.6809149533510199 5.0343199819326392 11.520202457904816 5.5617703124880773 2.1498878896236411 2.61991036683321 9.9417997263371927 4.8326360285282135 0.85740768909454423 0.49776324629783708 2.2719415277242661 5.5182368010282516 1.0828718617558477 1.7379138171672819 0.92970277369022358
leaf_count=104 16 10 28 23 4 20 53 10 2 1 7 10 7 5 2
internal_value=0.00941776 0.00684646 0.00453717 -0.000578472 -0.00960663 0.0146805 -0.0151968 0 -0.000753966 -0.0303379 0.0111085 0.0185625 0.000932006 0.0108561 0.00748157
internal_weight=69.7838 63.1029 58.0686 37.3579 21.9934 20.7107 19.8435 9.19046 10.7992 9.04431 15.3645 7.79018 7.57434 6.57055 6.49147
internal_count=302 286 276 213 164 63 160 35 55 105 49 17 32 15 25
is_linear=0
shrinkage=0.0304053


Tree=59
num_leaves=15
num_cat=0
split_feature=34 35 188 62 17 9 439 321 356 226 104 103 356 4
split_gain=3.24404 2.77082 3.35046 4.00785 3.99078 3.15859 1.37544 1.2518 1.109 0.830488 0.794508 0.671243 0.402086 0.199462
threshold=1.0000000180025095e-35 1.0000000180025095e-35 1.0000000180025095e-35 1.0000000180025095e-35 1.0000000180025095e-35 1.0000000180025095e-35 1.0000000180025095e-35 1.0000000180025095e-35 1.0000000180025095e-35 1.0000000180025095e-35 1.0000000180025095e-35 1.0000000180025095e-35 1.0000000180025095e-35 1.0000000180025095e-35
decision_type=2 2 2 2 2 2 2 2 2 2 2 2 2 2
left_child=1 2 4 8 6 -5 7 9 -4 -1 12 -7 -6 -10
right_child=-2 -3 3 5 10 11 -8 -9 13 -11 -12 -13 -14 -15
leaf_value=-0.017049020794855582 0.030446009643657908 0.029271863807544547 0 -0.029213763027274343 -0.013472247881803508 0.016655122377496209 0.024087604211530729 0.010718049410556804 0.032612057038824069 0 0.01801990209994871 0 0.0056803073347966703 0
leaf_weight=15.60330832004548 6.565745770931243 4.9533983021974555 1.5382939428091038 2.5692547410726547 0.89334868639707377 4.8486907184123993 0.73448330163955589 1.2445928491652001 8.5943944901227933 4.1611081138253203 7.7498370185494423 1.7065331637859342 6.6700978577136993 1.2698170542716987
leaf_count=142 16 10 5 20 9 10 1 6 20 15 17 5 23 3
internal_value=0.00925204 0.00672208 0.00445134 0.0143516 -0.000520914 0 -0.00937299 -0.0114494 0.0263746 -0.0138072 0.0108078 0.0105156 0.000904349 0.0301328
internal_weight=69.1029 62.5372 57.5838 20.527 37.0568 9.12448 21.7435 21.009 11.4025 19.7644 15.3133 6.55522 7.56345 9.86421
internal_count=302 286 276 63 213 35 164 163 28 157 49 15 32 23
is_linear=0
shrinkage=0.0304053


Tree=60
num_leaves=14
num_cat=0
split_feature=34 97 356 444 1 224 62 9 188 27 321 37 107
split_gain=3.10909 2.26484 2.81967 5.68392 2.30872 4.80108 1.93436 3.12199 1.83304 1.44537 1.39113 0.743698 0.191442
threshold=1.0000000180025095e-35 1.0000000180025095e-35 1.0000000180025095e-35 1.0000000180025095e-35 1.0000000180025095e-35 1.0000000180025095e-35 1.0000000180025095e-35 1.0000000180025095e-35 1.0000000180025095e-35 1.0000000180025095e-35 1.0000000180025095e-35 1.0000000180025095e-35 1.0000000180025095e-35
decision_type=2 2 2 2 2 2 2 2 2 2 2 2 2
left_child=1 2 3 11 5 6 8 -8 -4 10 -5 -1 -2
right_child=12 -3 4 9 -6 -7 7 -9 -10 -11 -12 -13 -14
leaf_value=-0.0300963422933061 0.033756345927292729 0.033692132127606522 0.0074168674801412234 -0.00093177957676636284 0.031608498218309744 -0.033410280036644972 -0.02951405353517253 0.0075687045645145765 0.027788297568810016 0.054167193029463066 0.030280432951661437 0 0
leaf_weight=5.9833173379302007 5.2668603062629691 2.9638260900974265 20.043009199202064 4.3673187419772148 4.150264546275138 2.4723348021507254 2.7681408599019024 8.2495937347412109 7.1784720718860617 0.78312963247299183 1.4862163662910459 1.6000471413135526 1.1858263611793516
leaf_count=97 12 6 65 20 10 15 22 21 16 2 3 9 4
internal_value=0.00908616 0.00659916 0.00491723 -0.00611376 0.0088372 0.00604754 0.00909733 -2.96085e-05 0.0134886 0.0125871 0.00375999 -0.0249821 0.0300458
internal_weight=68.4984 62.0457 59.0818 14.22 44.8618 40.7116 38.2392 11.0177 27.2215 6.63666 5.85354 7.58336 6.45269
internal_count=302 286 280 131 149 139 124 43 81 25 23 106 16
is_linear=0
shrinkage=0.0304053


Tree=61
num_leaves=12
num_cat=0
split_feature=39 9 35 62 99 37 19 48 98 62 4
split_gain=5.24637 3.54034 4.1529 2.94079 2.67539 1.84522 2.00042 1.41766 1.24238 0.942634 0.0357178
threshold=1.0000000180025095e-35 1.0000000180025095e-35 1.0000000180025095e-35 1.0000000180025095e-35 1.0000000180025095e-35 1.0000000180025095e-35 1.0000000180025095e-35 1.0000000180025095e-35 1.0000000180025095e-35 1.0000000180025095e-35 1.0000000180025095e-35
decision_type=2 2 2 2 2 2 2 2 2 2 2
left_child=1 2 3 4 5 6 -1 -7 9 -3 -11
right_child=-2 8 -4 -5 -6 7 -8 -9 -10 10 -12
leaf_value=-0.017805097333188663 0.033201611787420558 0.024131816077317059 0.027333582880751529 -0.030363103970310123 0.021570443550893371 0 0.025397640903758477 0.039467944083260639 0 0.0075414924148614337 0
leaf_weight=11.339337099343544 7.6189255416393271 11.643535383045677 4.299250364303588 3.620300840586423 4.0632470101118079 10.655087895691393 0.7422523498535164 0.88057339191436845 4.6760343164205542 6.7793342918157578 1.6445475518703458
leaf_count=112 20 30 9 34 9 49 1 2 13 18 5
internal_value=0.00890819 0.00552494 -9.45673e-05 -0.00447049 -0.000395527 -0.00498062 -0.0135745 0.00237513 0.0143767 0.0176656 0.00646959
internal_weight=67.9624 60.3435 35.6 31.3008 27.6805 23.6173 12.0816 11.5357 24.7435 20.0674 8.42388
internal_count=302 282 216 207 173 164 113 51 66 53 23
is_linear=0
shrinkage=0.0304053


Tree=62
num_leaves=10
num_cat=0
split_feature=39 168 35 198 321 33 188 188 2
split_gain=5.08429 2.91378 3.61637 2.39879 1.59922 1.39616 2.56856 1.45199 0.352719
threshold=1.0000000180025095e-35 1.0000000180025095e-35 1.0000000180025095e-35 1.0000000180025095e-35 1.0000000180025095e-35 1.0000000180025095e-35 1.0000000180025095e-35 1.0000000180025095e-35 1.0000000180025095e-35
decision_type=2 2 2 2 2 2 2 2 2
left_child=1 2 3 4 5 6 -1 -7 -6
right_child=-2 -3 -4 -5 8 7 -8 -9 -10
leaf_value=-0.0098668031568247602 0.032970492334493791 0.02943627066580649 0.028437405507736716 0.029807199857467038 0 0.025676904556351084 0.0097371145438239406 0 0.033979158095893566
leaf_weight=28.776953786611557 7.44178882241249 4.5155353546142569 4.7909861057996741 2.4683572053909293 0.93177528306841773 2.7375356853008253 6.9621058776974669 7.4266068115830421 1.3589150160551071
leaf_count=191 20 11 10 5 5 8 23 26 3
internal_value=0.00874259 0.0054181 0.0031186 0.00034812 -0.00076818 -0.00238458 -0.00551613 0.00675729 0.0233082
internal_weight=67.4106 59.9688 55.4532 50.6622 48.1939 45.9032 35.7391 10.1641 2.29069
internal_count=302 282 271 261 256 248 214 34 8
is_linear=0
shrinkage=0.0304053


Tree=63
num_leaves=12
num_cat=0
split_feature=62 9 244 166 97 1 19 91 203 363 61
split_gain=2.57599 3.70667 2.84888 2.26115 1.73564 1.79915 2.55016 2.13034 1.87267 1.66722 1.17135
threshold=1.0000000180025095e-35 1.0000000180025095e-35 1.0000000180025095e-35 1.0000000180025095e-35 1.0000000180025095e-35 1.0000000180025095e-35 1.0000000180025095e-35 1.0000000180025095e-35 1.0000000180025095e-35 1.0000000180025095e-35 1.0000000180025095e-35
decision_type=2 2 2 2 2 2 2 2 2 2 2
left_child=3 -2 -3 4 5 6 7 8 -1 -4 -5
right_child=1 2 9 10 -6 -7 -8 -9 -10 -11 -12
leaf_value=0 -0.03011253858695492 -0.02912976631243069 0.039331834852336538 0.026937940436437473 0.032522002800587202 0.02814220948544784 0.033978346548853726 0.021538228433215494 -0.029011744517212175 0.0017705035702452472 0
leaf_weight=28.129837147891525 3.542739421129224 1.3915375396609304 2.1284390687942505 11.093748465180393 2.6888756752014151 3.1175257265567771 2.2795931100845328 3.9685968980193129 2.2061528265476218 4.8853358626365662 1.5141649246215827
leaf_count=163 34 8 3 29 6 9 4 11 19 12 4
internal_value=0.00858377 -0.00300464 0.00616808 0.0114466 0.00740991 0.00522886 0.0027554 0.000124653 -0.00205234 0.0158859 0.0235085
internal_weight=66.9465 11.9481 8.40531 54.9985 42.3906 39.7017 36.5842 34.3046 30.336 7.01377 12.6079
internal_count=302 57 23 245 212 206 197 193 182 15 33
is_linear=0
shrinkage=0.0304053


Tree=64
num_leaves=14
num_cat=0
split_feature=34 41 166 107 187 226 1 9 62 246 9 107 36
split_gain=2.77282 2.23255 2.31516 3.0413 4.08941 1.60441 2.29123 1.50429 2.0185 1.08943 0.315778 0.209663 0.124931
threshold=1.0000000180025095e-35 1.0000000180025095e-35 1.0000000180025095e-35 1.0000000180025095e-35 1.0000000180025095e-35 1.0000000180025095e-35 1.0000000180025095e-35 1.0000000180025095e-35 1.0000000180025095e-35 1.0000000180025095e-35 1.0000000180025095e-35 1.0000000180025095e-35 1.0000000180025095e-35
decision_type=2 2 2 2 2 2 2 2 2 2 2 2 2
left_child=1 2 3 4 5 6 -1 8 -4 -5 -7 -2 -9
right_child=11 -3 7 9 -6 10 -8 12 -10 -11 -12 -13 -14
leaf_value=-0.013232401375517896 0.032768422350806084 0.022541891514302862 0.011995130365533284 -0.032418952873980764 0.034265575275259322 0.0099101023716180753 0.016705025878285172 0.020992978685035132 -0.026608249672167891 0 0 0 0.0019003620972088821
leaf_weight=13.917510140687236 4.8832300901412955 7.1343258395791045 3.8335092663764962 3.5066286362707606 3.3135642558336249 8.4369155168533307 2.3477730788290492 9.689699709415434 1.8535346612334249 0.60863511264324177 3.0990883708000174 1.1398848146200178 2.7530461251735696
leaf_count=133 12 21 12 32 7 22 8 20 13 2 9 4 7
internal_value=0.00840337 0.00604194 0.00347901 -0.00055869 0.00213372 -0.0010158 -0.00774184 0.0123714 0 -0.0255159 0.00682143 0.0289565 0.0182958
internal_weight=66.5173 60.4942 53.3599 35.2301 31.1149 27.8013 16.2653 18.1298 5.68704 4.11526 11.536 6.02311 12.4427
internal_count=302 286 265 213 179 172 141 52 25 34 31 16 27
is_linear=0
shrinkage=0.0304053


Tree=65
num_leaves=16
num_cat=0
split_feature=62 188 17 35 244 48 436 33 190 33 188 157 33 17 61
split_gain=2.40478 3.15846 3.64013 3.20757 2.5416 2.47849 2.14935 2.44783 0.672965 0.573442 0.320128 0.230016 0.173903 1.1192 0.0999665
threshold=1.0000000180025095e-35 1.0000000180025095e-35 1.0000000180025095e-35 1.0000000180025095e-35 1.0000000180025095e-35 1.0000000180025095e-35 1.0000000180025095e-35 1.0000000180025095e-35 1.0000000180025095e-35 1.0000000180025095e-35 1.0000000180025095e-35 1.0000000180025095e-35 1.0000000180025095e-35 1.0000000180025095e-35 1.0000000180025095e-35
decision_type=2 2 2 2 2 2 2 2 2 2 2 2 2 2 2
left_child=1 2 3 5 -2 6 7 -1 11 -3 -6 -4 -12 -14 -11
right_child=4 9 8 -5 10 -7 -8 -9 -10 14 12 -13 13 -15 -16
leaf_value=-0.016679140657207901 -0.030945503518857661 0.030084207430535671 0.019629694719351942 0.024883539395878489 0.022129877146975792 0.040740620361588695 0.026970246324171335 0.013982343749878555 0 0.010249299776227835 0.0054969430549934766 0 0.0010718273289862259 -0.029214987729180519 0
leaf_weight=16.382417988032117 2.5004140213131878 9.0610174536704999 15.636404395103458 3.6551652252674094 0.72109097242355247 0.86716999113559623 1.1313150227069844 2.1438997760415068 1.1632883250713337 1.2064893394708625 3.8866863623261452 1.4778725206851966 3.3738752901554108 1.2558226287364957 1.5133485496044159
leaf_count=142 23 24 42 8 1 2 2 8 5 3 14 5 9 10 4
internal_value=0.00825905 0.0110459 0.00656577 -0.00042513 -0.00300045 -0.00585991 -0.00888662 -0.0121046 0.0168519 0.0255754 0.00251503 0.0184291 0 -0.00305564 0.00356461
internal_weight=65.9763 54.2384 42.4575 24.18 11.7379 20.5248 19.6576 18.5263 18.2776 11.7809 9.23748 17.1143 8.51638 4.6297 2.71984
internal_count=302 245 214 162 57 154 152 150 52 31 34 47 33 19 7
is_linear=0
shrinkage=0.0304053


Tree=66
num_leaves=14
num_cat=0
split_feature=34 35 188 33 97 17 48 33 15 17 103 107 444
split_gain=2.63555 2.34838 2.64399 3.37178 3.0951 3.4838 3.89321 2.26154 0.701168 0.250605 0.934668 0.224036 0.215403
threshold=1.0000000180025095e-35 1.0000000180025095e-35 1.0000000180025095e-35 1.0000000180025095e-35 1.0000000180025095e-35 1.0000000180025095e-35 1.0000000180025095e-35 1.0000000180025095e-35 1.0000000180025095e-35 1.0000000180025095e-35 1.0000000180025095e-35 1.0000000180025095e-35 1.0000000180025095e-35
decision_type=2 2 2 2 2 2 2 2 2 2 2 2 2
left_child=1 2 3 4 5 6 -1 -4 -7 -9 -11 -2 -5
right_child=11 -3 7 12 -6 8 -8 9 -10 10 -12 -13 -14
leaf_value=-0.020468336484753376 0.032371535951374007 0.027398576748616257 0.020920147999374701 0.0034851980667836044 0.030710683320041815 0.00013317161626016458 0.038950372116713532 0.0035116290551163941 0.032519944532902544 -0.030598025651942921 0 0 0.037372904017481626
leaf_weight=16.614920534193526 4.7256470322608939 4.5825201570987693 11.997160401195289 1.853521265089511 1.9628216326236714 11.724938329309222 0.87937168776988883 4.8261417597532263 0.76750320196151811 1.104219563305378 1.4030979424715042 1.1344383060932157 1.9127488732337952
leaf_count=152 12 10 37 8 4 43 2 13 1 9 4 4 3
internal_value=0.00812062 0.00580242 0.00365841 -0.000751009 -0.00447093 -0.00740946 -0.0163909 0.0127867 0.00364905 0 -0.00828146 0.0284572 0.0257481
internal_weight=65.4891 59.629 55.0464 35.7158 31.9496 29.9867 17.4943 19.3306 12.4924 7.33346 2.50732 5.86009 3.76627
internal_count=302 286 276 213 202 198 154 63 44 26 13 16 11
is_linear=0
shrinkage=0.0304053


Tree=67
num_leaves=11
num_cat=0
split_feature=246 168 35 19 356 90 33 107 62 188
split_gain=2.39265 2.27781 2.77655 1.81064 1.87884 2.1091 2.84736 1.39356 1.52427 1.34732
threshold=1.0000000180025095e-35 1.0000000180025095e-35 1.0000000180025095e-35 1.0000000180025095e-35 1.0000000180025095e-35 1.0000000180025095e-35 1.0000000180025095e-35 1.0000000180025095e-35 1.0000000180025095e-35 1.0000000180025095e-35
decision_type=2 2 2 2 2 2 2 2 2 2
left_child=1 2 3 4 5 6 -1 8 -6 -9
right_child=-2 -3 -4 -5 7 -7 -8 9 -10 -11
leaf_value=-0.031937477069277478 0.028939830911979807 0.028249170891459261 0.02701186852802916 0.027633271237103733 0.011074968637915128 0.0020296482382836144 0.0066788458357922584 -0.020472934842384802 -0.0048510566751102926 0.00087146453719909442
leaf_weight=5.6413510255515558 5.1319464147090903 4.2018664330244055 4.5079834461212149 2.331392988562583 22.426394574344162 4.7411060035228729 1.5126002654433248 3.6564915999770147 5.5001633614301673 5.3376769796013832
leaf_count=94 15 11 10 5 70 28 5 22 22 20
internal_value=0.00801031 0.00589746 0.00386752 0.00145511 0 -0.0102982 -0.0211196 0.00358737 0.00725821 -0.00569845
internal_weight=64.989 59.857 55.6552 51.1472 48.8158 11.8951 7.15395 36.9207 27.9266 8.99417
internal_count=302 287 276 266 261 127 99 134 92 42
is_linear=0
shrinkage=0.0304053


Tree=68
num_leaves=14
num_cat=0
split_feature=39 9 31 2 356 62 35 168 17 61 103 103 188
split_gain=4.55247 2.82002 3.37541 4.49162 2.74836 2.08699 1.234 0.855379 0.74939 0.522563 1.3102 1.0817 0.356497
threshold=1.0000000180025095e-35 1.0000000180025095e-35 1.0000000180025095e-35 1.0000000180025095e-35 1.0000000180025095e-35 1.0000000180025095e-35 1.0000000180025095e-35 1.0000000180025095e-35 1.0000000180025095e-35 1.0000000180025095e-35 1.0000000180025095e-35 1.0000000180025095e-35 1.0000000180025095e-35
decision_type=2 2 2 2 2 2 2 2 2 2 2 2 2
left_child=1 2 4 -4 -1 8 -5 9 -6 10 12 -11 -3
right_child=-2 7 3 6 5 -7 -8 -9 -10 11 -12 -13 -14
leaf_value=-0.029526551796831436 0.03207550852256269 0.0061065235779464979 0.022104543643321501 -0.017721364324049624 -0.00092922131434595035 -0.027657230681586494 0.0071561007971523123 0.027895887748746299 0.013661258741194289 -0.032988079437319823 -0.0020866177087117037 0.010282170775754648 0.021701360961167523
leaf_weight=4.9931342415511617 6.7109898924827567 7.5273559764027684 10.12498199939728 4.968549817800521 5.6928429603576642 2.3745303601026544 1.6123336553573606 4.1268917918205252 4.3379729241132736 0.81712615489959595 3.4356136098504058 1.019053041934967 6.7828405797481537
leaf_count=92 20 23 33 31 24 21 4 11 11 4 12 2 14
internal_value=0.00785925 0.00471845 -0.00034945 0.00881748 -0.0102428 -0.000946093 -0.00874134 0.0128086 0.0034898 0.00865603 0.0104832 0 0.0148277
internal_weight=64.5242 57.8132 34.1043 16.7059 17.3985 12.4053 6.58088 23.7089 10.0308 19.582 17.7458 1.83618 14.3102
internal_count=302 282 216 68 148 56 35 66 35 55 49 6 37
is_linear=0
shrinkage=0.0304053


Tree=69
num_leaves=11
num_cat=0
split_feature=39 97 47 19 166 90 41 98 31 61
split_gain=4.41934 1.69052 1.46706 1.69481 1.80934 8.72598 4.32107 2.46771 0.788731 0.318349
threshold=1.0000000180025095e-35 1.0000000180025095e-35 1.0000000180025095e-35 1.0000000180025095e-35 1.0000000180025095e-35 1.0000000180025095e-35 1.0000000180025095e-35 1.0000000180025095e-35 1.0000000180025095e-35 1.0000000180025095e-35
decision_type=2 2 2 2 2 2 2 2 2 2
left_child=1 2 3 4 5 6 -1 -7 9 -6
right_child=-2 -3 -4 -5 8 7 -8 -9 -10 -11
leaf_value=-0.032488016685882089 0.031865846500186992 0.031083171198453368 0.020327965805896082 0.026803816459933415 0.013129218888180758 -0.002324037460981275 0.011198619474068836 0.017568173003027751 -0.0036529414584516237 0
leaf_weight=10.587354451417919 6.5522053241729727 2.3095394074916831 4.400462105870246 2.2946422845125189 12.43142487853765 9.0887983292341232 1.8729735985398299 11.042768493294716 1.8919865563511855 1.5131483674049384
leaf_count=125 20 5 11 5 36 53 8 28 7 4
internal_value=0.00769418 0.00460464 0.00314936 0.00128371 0 -0.0040232 -0.0243965 0.00764509 0.0085028 0.011514
internal_weight=63.9853 57.4331 55.1236 50.7231 48.4285 32.5919 12.4603 20.1316 15.8366 13.9446
internal_count=302 282 277 266 261 214 133 81 47 40
is_linear=0
shrinkage=0.0304053


Tree=70
num_leaves=16
num_cat=0
split_feature=39 9 31 99 203 187 168 166 244 35 166 61 321 244 34
split_gain=4.28283 2.6372 3.18604 4.8538 1.62782 1.60813 0.818771 1.54651 0.662266 0.629318 1.79695 0.51459 0.307175 0.123194 0.0535959
threshold=1.0000000180025095e-35 1.0000000180025095e-35 1.0000000180025095e-35 1.0000000180025095e-35 1.0000000180025095e-35 1.0000000180025095e-35 1.0000000180025095e-35 1.0000000180025095e-35 1.0000000180025095e-35 1.0000000180025095e-35 1.0000000180025095e-35 1.0000000180025095e-35 1.0000000180025095e-35 1.0000000180025095e-35 1.0000000180025095e-35
decision_type=2 2 2 2 2 2 2 2 2 2 2 2 2 2 2
left_child=1 2 3 5 9 -1 7 8 -3 10 12 13 -4 -9 -5
right_child=-2 6 4 14 -6 -7 -8 11 -10 -11 -12 -13 -14 -15 -16
leaf_value=-0.023754599811465268 0.031659574403822728 0 0.0061620014597243127 0.017968152084774459 -0.021231057650485153 0.003756050392417908 0.027415646699543671 0 -0.026027536147238066 0.024690102344608694 -0.026781151616627401 0 0.02947226843367157 0.019438483182174789 0
leaf_weight=11.838187266141176 6.3967760801315299 6.1167734637856528 9.0774820819497055 3.3636199459433547 1.1333414763212211 0.99230794608593065 4.0026759356260291 2.0044744461774799 0.90621051192283619 3.8525095731019983 1.0716357156634337 1.5131483674049384 1.4328294396400458 8.8809689581394196 0.87094925343990315
leaf_count=130 20 23 41 10 9 5 11 5 4 9 6 4 3 19 3
internal_value=0.00754938 0.00451222 -0.000407814 -0.0101514 0.00848219 -0.0201468 0.0123864 0.00830803 -0.000693997 0.0118974 0.00599829 0.0149375 0.0111526 0.0172578 0.015646
internal_weight=63.4539 57.0571 33.6329 17.0651 16.5678 12.8305 23.4243 19.4216 7.02298 15.4345 11.5819 12.3986 10.5103 10.8854 4.23457
internal_count=302 282 216 148 68 135 66 55 27 59 50 28 44 24 13
is_linear=0
shrinkage=0.0304053


Tree=71
num_leaves=14
num_cat=0
split_feature=34 41 356 170 49 187 2 104 187 48 107 104 183
split_gain=2.27661 1.66811 1.19336 2.10081 1.26201 1.74132 1.01013 6.02752 0.905895 0.677501 0.293872 0.28443 0.171697
threshold=1.0000000180025095e-35 1.0000000180025095e-35 1.0000000180025095e-35 1.0000000180025095e-35 1.0000000180025095e-35 1.0000000180025095e-35 1.0000000180025095e-35 1.0000000180025095e-35 1.0000000180025095e-35 1.0000000180025095e-35 1.0000000180025095e-35 1.0000000180025095e-35 1.0000000180025095e-35
decision_type=2 2 2 2 2 2 2 2 2 2 2 2 2
left_child=1 2 3 4 5 -1 8 -8 9 12 -2 -5 -4
right_child=10 -3 6 11 -6 -7 7 -9 -10 -11 -12 -13 -14
leaf_value=-0.030025117149933164 0.031398826834605743 0.020332159131060117 0.005805627645234371 0.013604867843328108 0.0074889207788720775 0 -0.033098568863283197 0.012373289978517509 0.032416085675690758 0.036260075499374995 0 0 0
leaf_weight=5.1621153242886049 4.3258543610572806 6.4725864380598059 20.025341831147681 2.9505540989339352 0.57611876726150502 0.93104809522628773 3.8427887409925434 8.8786457628011703 1.8971802294254292 0.89580141007900138 1.0680233687162397 2.364619679749012 3.5388607531785956
leaf_count=93 12 21 68 16 1 3 28 21 5 2 4 13 15
internal_value=0.00742756 0.00524173 0.00295611 -0.00459784 -0.0169282 -0.0223545 0.0057588 0 0.00919761 0.0066172 0.0272107 0.00730345 0.00468067
internal_weight=62.9295 57.5357 51.0631 11.9845 6.66928 6.09316 39.0786 12.7214 26.3572 24.46 5.39388 5.31517 23.5642
internal_count=302 286 265 126 97 96 139 49 90 85 16 29 83
is_linear=0
shrinkage=0.0304053


Tree=72
num_leaves=11
num_cat=0
split_feature=34 35 168 1 90 2 249 157 61 61
split_gain=2.19397 1.99684 1.94977 1.77834 1.39074 1.51387 0.354444 0.299458 1.18326 0.904787
threshold=1.0000000180025095e-35 1.0000000180025095e-35 1.0000000180025095e-35 1.0000000180025095e-35 1.0000000180025095e-35 1.0000000180025095e-35 1.0000000180025095e-35 1.0000000180025095e-35 1.0000000180025095e-35 1.0000000180025095e-35
decision_type=2 2 2 2 2 2 2 2 2 2
left_child=1 2 3 4 5 6 -1 9 -9 -6
right_child=-2 -3 -4 -5 7 -7 -8 8 -10 -11
leaf_value=-0.0035034414539977916 0.026927376047919484 0.025817910728516427 0.025576678620179073 0.020272159249192175 0.0098819641589227344 -0.032907664106174232 0.013389756246753832 -0.028357906382464094 0.019614600023708524 -0.015475114640814192
leaf_weight=24.438381645828493 5.2989767938852301 4.2706663757562628 3.4391392171382895 4.1646912768483153 15.705949112772945 1.7832224071025837 0.83107277750968833 1.0211322829127301 0.70096051692962635 0.87417720258236009
leaf_count=162 16 10 10 15 63 11 2 6 1 6
internal_value=0.00730473 0.00515489 0.00312885 0.00118513 -0.000149893 -0.00492442 -0.0021951 0.00586962 0 0.00739764
internal_weight=62.5284 57.2294 52.9587 49.5196 45.3549 27.0527 25.2695 18.3022 1.72209 16.5801
internal_count=302 286 276 266 251 175 164 76 7 69
is_linear=0
shrinkage=0.0304053


Tree=73
num_leaves=10
num_cat=0
split_feature=246 168 35 1 224 9 90 166 224
split_gain=2.01259 1.88468 2.36518 1.69261 2.6918 2.16054 2.92193 1.07766 1.05933
threshold=1.0000000180025095e-35 1.0000000180025095e-35 1.0000000180025095e-35 1.0000000180025095e-35 1.0000000180025095e-35 1.0000000180025095e-35 1.0000000180025095e-35 1.0000000180025095e-35 1.0000000180025095e-35
decision_type=2 2 2 2 2 2 2 2 2
left_child=1 2 3 4 5 6 -1 -7 -5
right_child=-2 -3 -4 8 -6 7 -8 -9 -10
leaf_value=-0.016473827139197102 0.027645038978648572 0.026574940772395465 0.025451367592149152 4.8349152639876657e-05 -0.031969087785143957 0 0.0037869405414940084 0.014545690405138971 0.041363820204945063
leaf_weight=10.789612539112568 4.5456577092409125 3.825219213962554 4.2015538066625586 2.6283209957182398 2.3843336366116992 5.6503741443157205 14.357625737786293 12.340479999780655 1.515690743923187
leaf_count=123 15 11 10 13 16 22 62 28 2
internal_value=0.00713537 0.0051891 0.00331676 0.00106071 -0.000225018 0.00109115 -0.0041518 0.00947458 0.0197557
internal_weight=62.2389 57.6932 53.868 49.6664 45.5224 43.1381 25.1472 17.9909 4.14401
internal_count=302 287 276 266 251 235 185 50 15
is_linear=0
shrinkage=0.0304053


Tree=74
num_leaves=8
num_cat=0
split_feature=39 168 35 198 203 321 356
split_gain=3.97601 2.0457 2.56321 1.63961 1.49084 1.22829 2.94631
threshold=1.0000000180025095e-35 1.0000000180025095e-35 1.0000000180025095e-35 1.0000000180025095e-35 1.0000000180025095e-35 1.0000000180025095e-35 1.0000000180025095e-35
decision_type=2 2 2 2 2 2 2
left_child=1 2 3 4 5 6 -1
right_child=-2 -3 -4 -5 -6 -7 -8
leaf_value=-0.01752388765122076 0.031093393071015118 0.026233791923396747 0.025089002581803237 0.025659000826827351 -0.027126366108646098 0.022423988041203873 0.0024623427115118193
leaf_weight=8.3739789426326734 5.968080833554267 3.7582107037305823 4.1337269842624655 2.2158538699150077 1.9454976767301548 2.1554910615086547 33.291455186903477
leaf_count=111 20 11 10 5 19 8 118
internal_value=0.00699681 0.00408181 0.00211879 0 -0.00109833 0 -0.0010996
internal_weight=61.8423 55.8742 52.116 47.9823 45.7664 43.8209 41.6654
internal_count=302 282 271 261 256 237 229
is_linear=0
shrinkage=0.0304053


Tree=75
num_leaves=16
num_cat=0
split_feature=34 35 168 356 444 166 107 249 62 444 230 321 214 107 4
split_gain=2.02402 1.76086 1.71172 1.53168 5.21406 0.850286 1.58683 1.30812 1.00676 1.38223 0.825642 1.27605 0.480608 0.330482 0.00274298
threshold=1.0000000180025095e-35 1.0000000180025095e-35 1.0000000180025095e-35 1.0000000180025095e-35 1.0000000180025095e-35 1.0000000180025095e-35 1.0000000180025095e-35 1.0000000180025095e-35 1.0000000180025095e-35 1.0000000180025095e-35 1.0000000180025095e-35 1.0000000180025095e-35 1.0000000180025095e-35 1.0000000180025095e-35 1.0000000180025095e-35
decision_type=2 2 2 2 2 2 2 2 2 2 2 2 2 2 2
left_child=1 2 3 4 -1 6 12 -8 9 -7 11 -6 -5 -2 -10
right_child=13 -3 -4 5 10 8 7 -9 14 -11 -12 -13 -14 -15 -16
leaf_value=-0.029820432273023112 0.030619442779530808 0.02473057295172151 0.024502110370295246 0.0012478063280661604 -0.0052846828769106402 0.024064397090009883 -0.030490562926328606 0 0.00066194762158445608 0 0.036847320560423516 0.027547905357718554 0.023590559544623805 0 0
leaf_weight=5.6561358459293825 4.0232388526201239 4.0671938210725775 3.2641126811504355 16.00539721548558 3.4680479653179646 6.3999967724084863 2.586362704634666 0.8001197576522826 7.3664663210511208 1.4000204950571058 0.95993869006633747 1.4252781271934507 1.2352490499615658 1.0248491317033765 1.7281187847256658
leaf_count=104 12 10 10 59 18 14 23 3 24 6 3 3 3 4 6
internal_value=0.00686157 0.00479085 0.00287581 0.00104759 -0.00810423 0.00436126 0 -0.0187976 0.00942131 0.017647 0.0096415 0.000409054 0.00395321 0.0262072 0.000276019
internal_weight=61.4105 56.3624 52.2952 49.0311 11.5094 37.5217 20.6271 3.38648 16.8946 7.80002 5.85326 4.89333 17.2406 5.04809 9.09459
internal_count=302 286 276 266 128 138 88 26 50 20 24 21 62 16 30
is_linear=0
shrinkage=0.0304053


Tree=76
num_leaves=15
num_cat=0
split_feature=39 9 37 2 198 2 97 17 49 103 61 244 48 61
split_gain=3.82538 2.1738 1.66154 3.47153 2.03494 2.0317 2.1227 1.04433 0.927386 0.388897 1.34164 0.367562 0.0978763 0.0863993
threshold=1.0000000180025095e-35 1.0000000180025095e-35 1.0000000180025095e-35 1.0000000180025095e-35 1.0000000180025095e-35 1.0000000180025095e-35 1.0000000180025095e-35 1.0000000180025095e-35 1.0000000180025095e-35 1.0000000180025095e-35 1.0000000180025095e-35 1.0000000180025095e-35 1.0000000180025095e-35 1.0000000180025095e-35
decision_type=2 2 2 2 2 2 2 2 2 2 2 2 2 2
left_child=1 2 4 11 5 6 -1 -7 -5 10 -3 12 -4 -11
right_child=-2 9 3 8 -6 7 -8 -9 -10 13 -12 -13 -14 -15
leaf_value=-0.024801611155923883 0.030818648797488708 0.016111453284651071 0.015600218955367473 -0.017128132920123478 0.026503880458391572 -0.010970269196354063 0.017947204003695781 0.013692375108339712 0.0027213790880394888 0 -0.0089258879347028121 0 0.051663078065014398 0.0088519914862088649
leaf_weight=9.207302656024698 5.766570419073104 16.702792510390289 6.8466032519936544 4.7951568961143485 1.1783241033554066 2.757979702204465 0.68601113557815629 3.3750659823417664 1.45429190993309 3.762047939002513 1.2193788960576046 1.4687996879220007 0.73379629850387562 1.016788989305496
leaf_count=122 20 46 25 31 2 16 1 9 4 13 5 5 1 2
internal_value=0.00675137 0.00389203 -0.000608924 0.00601485 -0.00760252 -0.0112988 -0.0199145 0 -0.0094723 0.0111723 0.0133475 0.018808 0.0216119 0
internal_weight=60.9709 55.2043 32.5033 15.2986 17.2047 16.0264 9.89331 6.13305 6.24945 22.701 17.9222 9.0492 7.5804 4.77884
internal_count=302 282 216 66 150 148 123 25 35 66 51 31 26 15
is_linear=0
shrinkage=0.0304053


Tree=77
num_leaves=16
num_cat=0
split_feature=62 9 188 244 33 99 157 107 31 166 356 61 31 103 104
split_gain=1.90703 2.78335 2.55015 2.17361 1.94622 1.9461 2.55387 1.29917 1.11092 1.02548 1.00618 1.16263 0.97266 0.471358 0.0121986
threshold=1.0000000180025095e-35 1.0000000180025095e-35 1.0000000180025095e-35 1.0000000180025095e-35 1.0000000180025095e-35 1.0000000180025095e-35 1.0000000180025095e-35 1.0000000180025095e-35 1.0000000180025095e-35 1.0000000180025095e-35 1.0000000180025095e-35 1.0000000180025095e-35 1.0000000180025095e-35 1.0000000180025095e-35 1.0000000180025095e-35
decision_type=2 2 2 2 2 2 2 2 2 2 2 2 2 2 2
left_child=2 -2 4 -3 5 6 7 12 -6 -9 -4 -12 -1 -5 -7
right_child=1 3 10 13 8 14 -8 9 -10 -11 11 -13 -14 -15 -16
leaf_value=-0.0026002127155882967 -0.028820634580560459 -0.027805626395748059 0 0.01695637999856393 0 0.0018251563851681735 -0.040868615141697602 -0.029569531407531168 0.03482312668641617 0 0.032953634704704832 0 0.0093486100487336042 0 0.018122525111309389
leaf_weight=9.4019931219518256 3.1126637309789631 1.3157997801899908 1.4436821043491335 5.3817727714776993 1.365414224565028 3.0309015437960607 1.4460375048220147 2.1912063471972938 3.0432297885417938 0.40636715292930592 7.0297531485557556 1.9322458654642103 12.202283907681704 1.4530665427446363 5.7456516474485397
leaf_count=95 34 8 5 11 8 11 10 20 7 1 21 5 50 4 12
internal_value=0.00663183 -0.00348234 0.00933116 0.00387099 0.00510823 0.00206049 -0.00151156 5.9491e-05 0.0245861 -0.0193158 0.0232611 0.0270551 0.00326999 0.0127548 0.0146597
internal_weight=60.5021 11.2633 49.2388 8.15064 38.8331 34.4244 25.6479 24.2019 4.40864 2.59757 10.4057 8.962 21.6043 6.83484 8.77655
internal_count=302 57 245 23 214 199 176 166 15 21 31 26 145 15 23
is_linear=0
shrinkage=0.0304053


Tree=78
num_leaves=10
num_cat=0
split_feature=39 35 436 19 166 90 47 107 244
split_gain=3.64563 1.82249 1.74444 1.41441 1.61633 5.26655 4.87378 1.57623 0.530896
threshold=1.0000000180025095e-35 1.0000000180025095e-35 1.0000000180025095e-35 1.0000000180025095e-35 1.0000000180025095e-35 1.0000000180025095e-35 1.0000000180025095e-35 1.0000000180025095e-35 1.0000000180025095e-35
decision_type=2 2 2 2 2 2 2 2 2
left_child=1 2 3 4 5 6 -1 -7 -6
right_child=-2 -3 -4 -5 8 7 -8 -9 -10
leaf_value=-0.029620773209876546 0.030508707579572233 0.024038220891232958 0.029243040808989273 0.024589536566101463 -4.320996007104907e-06 0.0094664712451773114 0.015610570582658299 -0.01427433076061662 0.0095691181006116229
leaf_weight=10.480952084064485 5.5313968062400809 3.9411946684122077 2.0610697567462912 2.1406858861446372 2.8075464516878137 14.964375335723163 2.1880869567394248 2.6060744598507872 13.379653453826904
leaf_count=131 20 10 5 5 11 59 5 17 39
internal_value=0.0064857 0.00370133 0.00174198 0.000182427 -0.000535239 -0.0050557 -0.0203086 0.00486297 0.00673595
internal_weight=60.101 54.5696 50.6284 48.5674 46.4267 30.2395 12.669 17.5704 16.1872
internal_count=302 282 272 267 262 212 136 76 50
is_linear=0
shrinkage=0.0304053


Tree=79
num_leaves=14
num_cat=0
split_feature=34 35 97 188 17 170 33 246 9 33 170 321 17
split_gain=1.8393 1.57418 1.90448 2.30268 3.54783 2.97637 1.67067 1.37333 0.964648 0.957487 2.00129 0.431668 0.205158
threshold=1.0000000180025095e-35 1.0000000180025095e-35 1.0000000180025095e-35 1.0000000180025095e-35 1.0000000180025095e-35 1.0000000180025095e-35 1.0000000180025095e-35 1.0000000180025095e-35 1.0000000180025095e-35 1.0000000180025095e-35 1.0000000180025095e-35 1.0000000180025095e-35 1.0000000180025095e-35
decision_type=2 2 2 2 2 2 2 2 2 2 2 2 2
left_child=1 2 3 4 5 7 8 -1 -5 10 -6 -7 -8
right_child=-2 -3 -4 6 9 11 12 -9 -10 -11 -12 -13 -14
leaf_value=-0.033086092415312622 0.025431435636541707 0.02369026746559063 0.029617174436449831 0.0011683948579722199 -0.0086455666976666817 -0.0048557772586927646 0.0020865037624084081 0 0.025872552434990682 0.028834723785854131 0.015595910068480844 0.012980229387941499 -0.0083791679326545385
leaf_weight=6.4204611908644447 4.7400685995817176 3.8784938007593146 2.3383115381002417 4.2009494006633776 5.8121615834534168 9.5589141771197301 4.7168467491865149 0.39788591861724842 6.2272274792194366 1.8147784769535071 6.0312764123082161 1.1199268773198134 2.4061790034174919
leaf_count=102 16 10 6 21 28 53 13 1 15 4 16 4 13
internal_value=0.00636441 0.004372 0.00253103 0.000839304 -0.00368683 -0.0131487 0.00995492 -0.0290637 0.0177439 0.00704458 0.00209701 -0.00120468 0
internal_weight=59.6635 54.9234 51.0449 48.7066 31.1554 17.4972 17.5512 6.81835 10.4282 13.6582 11.8434 10.6788 7.12303
internal_count=302 286 276 270 208 160 62 103 36 48 44 57 26
is_linear=0
shrinkage=0.0304053


Tree=80
num_leaves=14
num_cat=0
split_feature=34 97 356 31 1 166 41 104 444 9 61 107 321
split_gain=1.75366 1.49195 1.22464 4.84421 1.55202 1.3474 2.35641 3.81308 0.495035 0.436137 0.459258 0.344956 0.0146967
threshold=1.0000000180025095e-35 1.0000000180025095e-35 1.0000000180025095e-35 1.0000000180025095e-35 1.0000000180025095e-35 1.0000000180025095e-35 1.0000000180025095e-35 1.0000000180025095e-35 1.0000000180025095e-35 1.0000000180025095e-35 1.0000000180025095e-35 1.0000000180025095e-35 1.0000000180025095e-35
decision_type=2 2 2 2 2 2 2 2 2 2 2 2 2
left_child=1 2 3 -1 5 6 7 -4 -5 -7 -11 -2 -10
right_child=11 -3 4 8 -6 9 -8 -9 12 10 -12 -13 -14
leaf_value=-0.029427755533451724 0.029707264106278566 0.029271804352817784 -0.020924553007638912 0 0.025991559152895225 0 0.026378462962971944 0.0062652048480043819 0.0050611820220611082 0.015122533174878617 0 0 0.025887357562155454
leaf_weight=4.8269311226904374 3.6826766878366461 2.2946671396493903 8.6654515117406881 1.4612103104591367 3.4502590447664252 4.6298620700836191 2.2773690521717063 9.0821455717086792 4.3811472728848457 10.55461201071739 1.5092304348945624 0.97951294481754292 1.3965273797512052
leaf_count=100 12 6 60 10 10 21 7 23 18 24 4 4 3
internal_value=0.00626717 0.00430962 0.00284811 -0.00483891 0.00563001 0.0031979 -0.00131492 -0.00594172 0.00893925 0.00974805 0.0128414 0.0250768 0.0133898
internal_weight=59.1916 54.5294 52.2347 12.0658 40.1689 36.7187 20.025 17.7476 7.23888 16.6937 12.0638 4.66219 5.77767
internal_count=302 286 280 131 149 139 90 83 31 49 28 16 21
is_linear=0
shrinkage=0.0304053


Tree=81
num_leaves=10
num_cat=0
split_feature=39 35 437 19 166 107 47 244 62
split_gain=3.45397 1.66649 1.14908 1.26638 1.01334 2.2607 1.51162 0.413665 0.178637
threshold=1.0000000180025095e-35 1.0000000180025095e-35 1.0000000180025095e-35 1.0000000180025095e-35 1.0000000180025095e-35 1.0000000180025095e-35 1.0000000180025095e-35 1.0000000180025095e-35 1.0000000180025095e-35
decision_type=2 2 2 2 2 2 2 2 2
left_child=1 2 3 4 5 6 -1 -6 -9
right_child=-2 -3 -4 -5 7 -7 -8 8 -10
leaf_value=-0.0032041559944042987 0.030157743853373244 0.023259281349745552 0.024691213247589442 0.023728212213675482 -0.00024800899553829511 -0.026313734417328049 0.022014868583714181 0.014468441877026398 0.0022208147059796838
leaf_weight=23.836680151522167 5.268698349595069 3.8022602647542945 1.9326510429382313 2.0656008869409552 2.8042223192751381 3.7364388406276694 2.3778222352266303 4.5435297042131415 8.3494298085570335
leaf_count=171 20 10 6 5 11 36 5 11 27
internal_value=0.00617431 0.00345352 0.00155304 0.000216555 -0.000432641 -0.00408526 -0.000190342 0.00532665 0.00801159
internal_weight=58.7173 53.4486 49.6464 47.7137 45.6481 29.9509 26.2145 15.6972 12.893
internal_count=302 282 272 266 261 212 176 49 38
is_linear=0
shrinkage=0.0304053


Tree=82
num_leaves=13
num_cat=0
split_feature=39 168 107 166 62 17 31 166 2 226 190 62
split_gain=3.34429 1.71878 0.873339 1.97803 1.49562 1.45886 2.22817 2.43479 1.45486 1.19792 0.565332 0.0415593
threshold=1.0000000180025095e-35 1.0000000180025095e-35 1.0000000180025095e-35 1.0000000180025095e-35 1.0000000180025095e-35 1.0000000180025095e-35 1.0000000180025095e-35 1.0000000180025095e-35 1.0000000180025095e-35 1.0000000180025095e-35 1.0000000180025095e-35 1.0000000180025095e-35
decision_type=2 2 2 2 2 2 2 2 2 2 2 2
left_child=1 2 4 -4 5 6 7 -1 -8 -6 -7 -5
right_child=-2 -3 3 11 9 10 8 -9 -10 -11 -12 -13
leaf_value=-0.018721270670851619 0.029970058948986796 0.024798576923586432 -0.023685650246767886 0 -0.017027069255049584 0.016231687166208382 0.019588090661519657 0.015187749398918553 0 0.012096330744759281 0 0.0041266589765331574
leaf_weight=7.4196368902921677 5.1424466222524634 3.3779825270175925 3.806349737569688 1.4636080861091612 4.9663572125136843 12.730940498411652 6.7271017394959927 2.0638645701110363 4.3403790220618248 0.9988289326429366 1.0482958704233176 4.2722924947738647
leaf_count=93 20 11 36 4 32 35 23 6 22 2 5 13
internal_value=0.0060548 0.0033856 0.001552 -0.00599078 0.00380971 0.00658311 0.000460149 -0.00933771 0.0105714 -0.00896528 0.0143354 0.00244758
internal_weight=58.3581 53.2156 49.8377 9.54225 40.2954 34.3302 20.551 9.4835 11.0675 5.96519 13.7792 5.7359
internal_count=302 282 271 53 218 184 144 99 45 34 40 17
is_linear=0
shrinkage=0.0304053


Tree=83
num_leaves=16
num_cat=0
split_feature=62 248 356 2 61 321 157 329 41 168 157 49 41 103 226
split_gain=1.68882 1.84826 1.55244 2.5375 1.57477 1.2391 0.596186 0.58011 0.685554 0.452268 0.614205 0.656598 0.558638 0.117208 0.122213
threshold=1.0000000180025095e-35 1.0000000180025095e-35 1.0000000180025095e-35 1.0000000180025095e-35 1.0000000180025095e-35 1.0000000180025095e-35 1.0000000180025095e-35 1.0000000180025095e-35 1.0000000180025095e-35 1.0000000180025095e-35 1.0000000180025095e-35 1.0000000180025095e-35 1.0000000180025095e-35 1.0000000180025095e-35 1.0000000180025095e-35
decision_type=2 2 2 2 2 2 2 2 2 2 2 2 2 2 2
left_child=2 -2 5 4 -4 9 7 8 -5 10 11 12 -1 14 -3
right_child=1 13 3 6 -6 -7 -8 -9 -10 -11 -12 -13 -14 -15 -16
leaf_value=-0.0186204903696882 -0.029339418074145127 0 0.021200736467069353 -0.01189967401383611 0 0.021271730152026557 -0.024410904231231972 0.0089412533730734156 0.012839370635692066 0.005992089268218195 0.0052583308704015168 0.0012323105731517681 0 -0.0018532590932787388 0.014603699447445885
leaf_weight=6.5742557942867208 2.1519980449229452 5.8298428654670715 19.323167368769649 3.7205210477113688 2.4353494197130194 2.0047682262957087 0.77376680076122362 7.2974895387887955 0.89417359232902516 1.1582097262144095 0.85989924706518728 0.51018220186233598 1.4788532629609106 1.9521089717745779 1.0123241767287252
leaf_count=99 23 22 64 24 9 7 4 18 3 4 5 1 7 8 4
internal_value=0.00592575 -0.0036739 0.00856389 0.011908 0.0182282 0 0 0.00272618 -0.00298868 -0.00473441 -0.00806882 -0.0116253 -0.0147973 0.000454521 0.00388785
internal_weight=57.9769 10.9463 47.0306 34.4445 21.7585 12.5862 12.686 11.9122 4.61469 10.5814 9.42319 8.56329 8.05311 8.79428 6.84217
internal_count=302 57 245 122 73 123 49 45 27 116 112 107 106 34 26
is_linear=0
shrinkage=0.0304053


Tree=84
num_leaves=12
num_cat=0
split_feature=39 9 62 35 33 99 90 104 170 244 166
split_gain=3.185 1.65324 2.58611 1.46958 1.77676 2.55057 2.04003 0.466243 0.379969 3.22374 1.02523
threshold=1.0000000180025095e-35 1.0000000180025095e-35 1.0000000180025095e-35 1.0000000180025095e-35 1.0000000180025095e-35 1.0000000180025095e-35 1.0000000180025095e-35 1.0000000180025095e-35 1.0000000180025095e-35 1.0000000180025095e-35 1.0000000180025095e-35
decision_type=2 2 2 2 2 2 2 2 2 2 2
left_child=1 2 3 4 5 6 -1 -6 9 10 -3
right_child=-2 8 -4 -5 7 -7 -8 -9 -10 -11 -12
leaf_value=-0.02421365903663095 0.029655662405827288 -0.022910924316729996 -0.028303781545803073 0.02081758790170227 0.02978832644156101 0.016817871047715763 -0.00053758267059463244 0 0.020922477786327276 0.015182066290236983 0
leaf_weight=6.1533275488764199 4.935359612107276 3.239254474639897 2.9296943433582774 3.2627296894788733 1.8758004754781714 3.6779883801937094 11.417361501604319 1.6545532271265984 3.9464728236198416 12.585278645157814 1.9516771733760832
leaf_count=93 20 19 34 9 6 9 59 6 10 32 5
internal_value=0.00580143 0.00320552 -0.000750667 0.00145315 -0.000332209 -0.00439018 -0.00991202 0.0187023 0.00971965 0.00616171 -0.012048
internal_weight=57.6295 52.6941 30.9715 28.0418 24.779 21.2487 17.5707 3.53035 21.7227 17.7762 5.19093
internal_count=302 282 216 182 173 161 152 12 66 56 24
is_linear=0
shrinkage=0.0304053


Tree=85
num_leaves=12
num_cat=0
split_feature=39 168 35 198 166 90 47 107 99 188 188
split_gain=3.08308 1.59814 1.8676 1.2365 1.19564 6.30408 5.60195 3.0439 0.187384 0.688482 0.481286
threshold=1.0000000180025095e-35 1.0000000180025095e-35 1.0000000180025095e-35 1.0000000180025095e-35 1.0000000180025095e-35 1.0000000180025095e-35 1.0000000180025095e-35 1.0000000180025095e-35 1.0000000180025095e-35 1.0000000180025095e-35 1.0000000180025095e-35
decision_type=2 2 2 2 2 2 2 2 2 2 2
left_child=1 2 3 4 5 6 -1 -7 10 -10 -6
right_child=-2 -3 -4 -5 8 7 -8 -9 9 -11 -12
leaf_value=-0.03593094768824636 0.029471004647083295 0.024192191351364526 0.02233684163619722 0.022924917041262143 -6.9994014803484374e-05 0.010343996791461528 0.014076664129788865 -0.028818180813065301 0.010401576922566163 -0.027083926308782352 0.0092459346167013852
leaf_weight=8.525011835619809 4.8171124458312979 3.2487614601850501 3.6398893296718589 2.011046662926673 2.6608476117253259 15.411051191389561 2.1049792170524588 1.907151527702809 0.80949813872575827 0.74535186588764191 11.310280039906502
leaf_count=127 20 11 10 5 10 60 5 15 2 4 33
internal_value=0.00569051 0.00313937 0.00135936 0 -0.00139709 -0.00548617 -0.0242412 0.00493126 0.00474037 0 0.00611299
internal_weight=57.191 52.3739 49.1251 45.4852 43.4742 27.9482 10.63 17.3182 15.526 1.55485 13.9711
internal_count=302 282 271 261 256 207 132 75 49 6 43
is_linear=0
shrinkage=0.0304053


Tree=86
num_leaves=14
num_cat=0
split_feature=34 35 188 90 187 17 246 226 2 17 17 9 41
split_gain=1.48321 1.29375 1.25234 1.94707 2.52331 2.23435 1.20031 0.876206 2.3707 1.56998 0.556716 0.495367 0.106414
threshold=1.0000000180025095e-35 1.0000000180025095e-35 1.0000000180025095e-35 1.0000000180025095e-35 1.0000000180025095e-35 1.0000000180025095e-35 1.0000000180025095e-35 1.0000000180025095e-35 1.0000000180025095e-35 1.0000000180025095e-35 1.0000000180025095e-35 1.0000000180025095e-35 1.0000000180025095e-35
decision_type=2 2 2 2 2 2 2 2 2 2 2 2 2
left_child=1 2 3 4 5 6 -1 8 -5 -9 11 -4 -12
right_child=-2 -3 10 7 -6 -7 -8 9 -10 -11 12 -13 -14
leaf_value=-0.032557443477797675 0.023827304915115418 0.022003182526136183 0 0.013621606728204999 0.018087304977427901 -0.00018859737635568437 0 -0.0012948080367075861 -0.016216143865970783 0.023518144521413448 -0.0018683813331283783 0.017136732488324202 0.010027442346096142
leaf_weight=5.8322177473455685 4.2319767475128165 3.5836430490016928 4.3118294849991816 5.215423699468376 2.0286520496010771 6.7756856344640255 0.35997721552848805 2.0101063102483741 4.6501178294420242 4.9669839888811111 4.055988371372222 7.8322702348232269 0.8349296748638152
leaf_count=102 16 10 19 21 8 29 1 6 36 10 20 20 4
internal_value=0.00559642 0.00376257 0.00203548 -0.00100348 -0.00945724 -0.0152331 -0.0286227 0.00539661 0 0.0136508 0.00882934 0.0123174 0
internal_weight=56.6898 52.4578 48.8742 31.8392 14.9965 12.9679 6.19219 16.8426 9.86554 6.97709 17.035 12.1441 4.89092
internal_count=302 286 276 213 140 132 103 73 57 16 63 39 24
is_linear=0
shrinkage=0.0304053


Tree=87
num_leaves=13
num_cat=0
split_feature=62 9 2 356 224 376 9 103 202 97 203 329
split_gain=1.53731 2.29463 1.38114 2.2503 0.53195 0.496856 0.349048 0.333957 0.300633 0.228802 0.124965 0.00245876
threshold=1.0000000180025095e-35 1.0000000180025095e-35 1.0000000180025095e-35 1.0000000180025095e-35 1.0000000180025095e-35 1.0000000180025095e-35 1.0000000180025095e-35 1.0000000180025095e-35 1.0000000180025095e-35 1.0000000180025095e-35 1.0000000180025095e-35 1.0000000180025095e-35
decision_type=2 2 2 2 2 2 2 2 2 2 2 2
left_child=2 -2 3 9 6 8 10 -3 -5 -1 11 -4
right_child=1 7 4 5 -6 -7 -8 -9 -10 -11 -12 -13
leaf_value=-0.0021338126724731914 -0.027969681111266215 0.0075606118272392988 0 0.019070785234757047 -0.019693198405667266 0 0.010713041070239803 -0.0031578938994504414 0 0.013666084942243292 -0.011607987855881184 0.00083938174983827518
leaf_weight=8.4708355199545622 2.8312245905399305 5.9946163520216942 4.6026144474744726 19.42127192765475 1.1003357619047172 0.76147831976413627 3.3671144247055063 1.8804665841162203 0.88176095485687156 0.92343968152999956 0.84446767345070917 5.2014704942703247
leaf_count=102 34 16 26 66 8 3 9 7 4 3 10 14
internal_value=0.00549106 -0.00372255 0.00807225 0.0118073 0 0.01733 0.00213749 0.00259031 0.0182815 0 0 0.000376956
internal_weight=56.2811 10.7063 45.5748 30.4588 15.116 21.0645 14.0157 7.87508 20.303 9.39428 10.6486 9.80408
internal_count=302 57 245 178 67 73 59 23 70 105 50 40
is_linear=0
shrinkage=0.0304053


Tree=88
num_leaves=13
num_cat=0
split_feature=62 188 248 33 107 249 34 157 35 356 33 107
split_gain=1.45647 1.92247 1.59769 1.56183 1.59736 2.30482 0.891627 1.43245 0.875019 0.828677 0.0157669 0.00210072
threshold=1.0000000180025095e-35 1.0000000180025095e-35 1.0000000180025095e-35 1.0000000180025095e-35 1.0000000180025095e-35 1.0000000180025095e-35 1.0000000180025095e-35 1.0000000180025095e-35 1.0000000180025095e-35 1.0000000180025095e-35 1.0000000180025095e-35 1.0000000180025095e-35
decision_type=2 2 2 2 2 2 2 2 2 2 2 2
left_child=1 3 -2 4 6 -6 7 8 -1 -3 11 -4
right_child=2 9 10 -5 5 -7 -8 -9 -10 -11 -12 -13
leaf_value=0.0010277630589332954 -0.02836203849680994 0 0 0.022426298886739218 -0.035777614813158977 0.0070814285310297938 0.025039146173370958 -0.028787750959921019 0.01967433242209041 0.024503842756508513 0 0.0028845827223657299
leaf_weight=22.396031517535459 2.0084037836641047 1.4009898006916026 1.6650870367884636 3.9310810528695574 2.4353572633117428 1.0776208341121676 1.9247072935104359 1.2026610393077124 3.1033633649349204 7.935069814324379 4.9814217537641525 1.9826078861951828
leaf_count=148 23 5 8 15 24 4 6 8 9 26 20 6
internal_value=0.00533315 0.00785246 -0.00363517 0.00400055 0.00115442 -0.017233 0.00407552 0.00185105 0.00404353 0.020696 0 0.0019983
internal_weight=56.0444 45.4069 10.6375 36.0708 32.1397 3.51298 28.6268 26.7021 25.4994 9.33606 8.62912 3.64769
internal_count=302 245 57 214 199 28 171 165 157 31 34 14
is_linear=0
shrinkage=0.0304053


Tree=89
num_leaves=14
num_cat=0
split_feature=39 168 166 90 214 49 9 62 220 187 17 4 31
split_gain=2.89575 1.45344 0.575807 3.9333 3.13399 1.35362 0.983887 1.02974 0.495139 0.192241 0.139733 0.114841 0.174898
threshold=1.0000000180025095e-35 1.0000000180025095e-35 1.0000000180025095e-35 1.0000000180025095e-35 1.0000000180025095e-35 1.0000000180025095e-35 1.0000000180025095e-35 1.0000000180025095e-35 1.0000000180025095e-35 1.0000000180025095e-35 1.0000000180025095e-35 1.0000000180025095e-35 1.0000000180025095e-35
decision_type=2 2 2 2 2 2 2 2 2 2 2 2 2
left_child=1 2 3 4 5 -1 7 -4 10 -6 -5 12 -8
right_child=-2 -3 6 8 9 -7 11 -9 -10 -11 -12 -13 -14
leaf_value=-0.027185436695729818 0.029019006343789885 0.023345835795137312 0.002309727787585922 0.0040691414520799595 0 0 0.014688687945927727 -0.024371224190622636 -0.0076132361865445079 0.023093401391188904 0.014194721833834592 0 0
leaf_weight=8.980227492749691 4.5242497324943534 3.0796436667442313 2.9171285107731828 12.386012107133871 2.1085808053612705 0.48534005880355913 7.843318045139311 1.6524827554821966 0.68639986217021842 0.72794365882873524 6.442750632762908 2.7263627350330362 1.1640021204948423
leaf_count=126 20 11 11 56 10 1 18 13 7 1 18 7 3
internal_value=0.00522819 0.0027537 0.00104003 -0.000838713 -0.0148182 -0.0238536 0.00587076 -0.00319356 0.00700159 0.00863849 0.00854379 0.0110188 0.013036
internal_weight=55.7244 51.2002 48.1205 31.8173 12.3021 9.46557 16.3033 4.56961 19.5152 2.83652 18.8288 11.7337 9.00732
internal_count=302 282 271 219 138 127 52 24 81 11 74 28 21
is_linear=0
shrinkage=0.0304053


Tree=90
num_leaves=15
num_cat=0
split_feature=34 382 103 61 188 442 2 2 356 41 279 61 444 4
split_gain=1.34284 1.68749 0.760886 1.30473 1.2328 1.34523 4.02859 1.23481 1.13596 0.71989 0.683496 0.393356 0.169449 0.0503446
threshold=1.0000000180025095e-35 1.0000000180025095e-35 1.0000000180025095e-35 1.0000000180025095e-35 1.0000000180025095e-35 1.0000000180025095e-35 1.0000000180025095e-35 1.0000000180025095e-35 1.0000000180025095e-35 1.0000000180025095e-35 1.0000000180025095e-35 1.0000000180025095e-35 1.0000000180025095e-35 1.0000000180025095e-35
decision_type=2 2 2 2 2 2 2 2 2 2 2 2 2 2
left_child=1 2 3 4 5 7 -7 -1 12 -3 -2 -4 -5 -6
right_child=10 9 11 8 13 6 -8 -9 -10 -11 -12 -13 -14 -15
leaf_value=-0.010216694403122324 0.028510309401740274 -0.026971618577740445 -0.010266693933501901 0 0.018508637876703215 0.02393083554022464 -0.0099653312679292335 0.0058401152744430125 -0.034753950261095345 0 0 0.0026774381420355932 0.01536671951635041 0
leaf_weight=8.0771115869283676 3.3872867226600638 2.2171364072710271 4.1482488289475432 0.5001312941312781 9.836037285625931 8.7452332153916377 4.1995657086372367 8.9574158154428005 1.1800932884216309 0.31475728750228871 0.6331159621477126 1.0913075581192968 0.66082984209060669 1.4023180454969413
leaf_count=96 13 27 18 7 34 28 25 32 7 1 3 3 1 7
internal_value=0.00515723 0.00339064 0.00496078 0.00646851 0.00801893 0.00394424 0.0114677 -0.000659141 -0.0127047 -0.0193529 0.022975 -0.00394801 0 0.0171957
internal_weight=55.3506 51.3302 48.7983 43.5587 41.2177 29.9793 12.9448 17.0345 2.34105 2.53189 4.0204 5.23956 1.16096 11.2384
internal_count=302 286 258 237 222 181 53 128 15 28 16 21 8 41
is_linear=0
shrinkage=0.0304053


Tree=91
num_leaves=9
num_cat=0
split_feature=39 168 35 19 382 321 321 356
split_gain=2.7592 1.38515 1.59266 1.13338 1.16297 0.881902 0.51012 1.47135
threshold=1.0000000180025095e-35 1.0000000180025095e-35 1.0000000180025095e-35 1.0000000180025095e-35 1.0000000180025095e-35 1.0000000180025095e-35 1.0000000180025095e-35 1.0000000180025095e-35
decision_type=2 2 2 2 2 2 2 2
left_child=1 2 3 4 6 -6 7 -1
right_child=-2 -3 -4 -5 5 -7 -8 -9
leaf_value=-0.014180502157288475 0.028735933061858742 0.02295093508753452 0.02102674145948687 0.022036412244970577 -0.028399592668055511 0 0.016636277964931837 0.0012477250787278583
leaf_weight=6.7015694305300704 4.3513416051864615 3.008723407983779 3.4185547754168502 1.9220022857189167 2.4836545921862121 0.41210791468620289 1.5697359181940544 31.189622148871422
leaf_count=104 20 11 10 5 28 2 6 116
internal_value=0.0050277 0.00261732 0.000935396 -0.000188036 -0.0016461 -0.0202622 0 -0.000980593
internal_weight=55.0573 50.706 47.6972 44.2787 42.3567 2.89576 39.4609 37.8912
internal_count=302 282 271 261 256 30 226 220
is_linear=0
shrinkage=0.0304053


Tree=92
num_leaves=9
num_cat=0
split_feature=249 168 35 198 1 444 166 90
split_gain=1.19591 1.17562 1.38795 0.973775 1.42739 1.89406 1.6677 6.44879
threshold=1.0000000180025095e-35 1.0000000180025095e-35 1.0000000180025095e-35 1.0000000180025095e-35 1.0000000180025095e-35 1.0000000180025095e-35 1.0000000180025095e-35 1.0000000180025095e-35
decision_type=2 2 2 2 2 2 2 2
left_child=1 2 3 4 6 -6 7 -1
right_child=-2 -3 -4 -5 5 -7 -8 -9
leaf_value=-0.028825546700786686 0.02403158761001075 0.022626213698069633 0.02070246212908701 0.021605400613012173 -0.0035336862267503302 0.034156035906268971 0.0047482216384594801 0.0026675966246543182
leaf_weight=8.793958783149721 3.2046227753162375 2.9599005579948416 3.367363639175891 1.9011152386665333 0.94397504255175535 2.4085111021995544 14.924672931432722 16.2206138856709
leaf_count=128 15 11 10 5 7 7 47 72
internal_value=0.00494377 0.00338676 0.00182187 0 -0.000517872 0.0178887 -0.00253942 -0.00764665
internal_weight=54.7247 51.5201 48.5602 45.1928 43.2917 3.35249 39.9392 25.0146
internal_count=302 287 276 266 261 14 247 200
is_linear=0
shrinkage=0.0304053


Tree=93
num_leaves=11
num_cat=0
split_feature=39 168 19 321 356 49 369 2 47 9
split_gain=2.58651 1.26135 0.870548 0.794745 1.2326 0.588094 0.791881 0.424831 0.410312 0.455862
threshold=1.0000000180025095e-35 1.0000000180025095e-35 1.0000000180025095e-35 1.0000000180025095e-35 1.0000000180025095e-35 1.0000000180025095e-35 1.0000000180025095e-35 1.0000000180025095e-35 1.0000000180025095e-35 1.0000000180025095e-35
decision_type=2 2 2 2 2 2 2 2 2 2
left_child=1 2 3 4 5 6 -1 -5 9 -6
right_child=-2 -3 -4 7 8 -7 -8 -9 -10 -11
leaf_value=-0.018708610415180484 0.028395721895592248 0.022301962148041702 0.021179988571977598 0 -0.0030759228757494678 0 0 0.03007732760440146 0.014700489427586701 0.0040156365711081672
leaf_weight=6.8180087488144618 4.1592487990856162 2.9124014079570761 1.8807035237550724 0.77256833016872284 16.706341199576855 0.47605261206626881 1.0996223688125608 1.2144701033830643 2.0048481523990622 16.328810192644596
leaf_count=117 20 11 5 5 86 1 3 3 6 45
internal_value=0.00486753 0.00253914 0.000919723 0 -0.000780901 -0.0115058 -0.0144563 0.0188672 0.00124693 0
internal_weight=54.3731 50.2138 47.3014 45.4207 43.4337 8.39368 7.91763 1.98704 35.04 33.0352
internal_count=302 282 271 266 258 121 120 8 137 131
is_linear=0
shrinkage=0.0304053


Tree=94
num_leaves=16
num_cat=0
split_feature=97 35 9 444 1 356 230 48 444 107 165 226 246 61 103
split_gain=1.24381 1.01202 1.17788 2.494 2.04641 1.72294 1.25115 1.38477 1.08313 0.739941 0.515892 0.345952 0.794498 0.274045 0.675964
threshold=1.0000000180025095e-35 1.0000000180025095e-35 1.0000000180025095e-35 1.0000000180025095e-35 1.0000000180025095e-35 1.0000000180025095e-35 1.0000000180025095e-35 1.0000000180025095e-35 1.0000000180025095e-35 1.0000000180025095e-35 1.0000000180025095e-35 1.0000000180025095e-35 1.0000000180025095e-35 1.0000000180025095e-35 1.0000000180025095e-35
decision_type=2 2 2 2 2 2 2 2 2 2 2 2 2 2 2
left_child=1 2 3 5 6 -1 7 -5 10 -10 13 12 -7 14 -4
right_child=-2 -3 8 4 -6 11 -8 -9 9 -11 -12 -13 -14 -15 -16
leaf_value=-0.02810634604660673 0.028016136236569015 0.020332909693255793 0.011794025511791664 -0.0078816788991173132 0.033616773943324053 -0.013537671783902465 0.033718236609911252 0.029557279589493019 0 -0.036262576748325573 0.026436224121333677 0.00028360323640604616 0.0098700828153420062 0 0
leaf_weight=3.9703140128403893 2.2823025435209265 3.3086361512541762 11.413985509425407 7.945991408079859 2.3420983105897912 5.7423148304224014 0.9892262667417534 0.93088804185390461 1.0868478268384922 0.66334699094295491 2.513784408569335 5.4689626917243004 0.79581589996814717 1.5632500648498542 3.0554651021957406
leaf_count=97 8 10 33 47 7 39 3 2 6 3 9 19 3 5 11
internal_value=0.00479664 0.00340542 0.00185752 -0.00162579 0.00787786 -0.0100759 0 -0.00180947 0.00762985 -0.0104553 0.0103615 -0.00252793 -0.00778231 0.00665302 0.00815782
internal_weight=54.0732 51.7909 48.4823 28.1856 12.2082 15.9774 9.86611 8.87688 20.2967 1.75019 18.5465 12.0071 6.53813 16.0327 14.4695
internal_count=302 294 284 217 59 158 52 49 67 9 58 61 42 49 44
is_linear=0
shrinkage=0.0304053


Tree=95
num_leaves=15
num_cat=0
split_feature=39 97 9 382 198 48 33 99 188 90 166 34 170 107
split_gain=2.46724 1.10505 0.871315 0.947873 0.924125 0.850323 1.01236 1.87524 0.485325 0.8402 2.64533 2.25231 0.071048 0.0233464
threshold=1.0000000180025095e-35 1.0000000180025095e-35 1.0000000180025095e-35 1.0000000180025095e-35 1.0000000180025095e-35 1.0000000180025095e-35 1.0000000180025095e-35 1.0000000180025095e-35 1.0000000180025095e-35 1.0000000180025095e-35 1.0000000180025095e-35 1.0000000180025095e-35 1.0000000180025095e-35 1.0000000180025095e-35
decision_type=2 2 2 2 2 2 2 2 2 2 2 2 2 2
left_child=1 2 3 5 -5 6 7 -1 9 10 11 -4 -8 -10
right_child=-2 -3 8 4 -6 -7 12 -9 13 -11 -12 -13 -14 -15
leaf_value=-0.0087289091782478088 0.028131782144605634 0.026562793427869966 -0.038985512966427278 -0.027730295701377219 0 0.028479598873621254 0.015928091236053068 0.015890131350598545 0.013727620921586815 0.01427330386591227 0.014260096601342843 0.0051760124463248207 0 0.0012037900200977077
leaf_weight=17.992125125601902 4.0136580467224112 1.7746173739433277 2.7703605927526955 2.3584572449326511 0.39227205514907826 0.93674232065677543 2.4976525157690039 2.9838768839836112 6.6201038807630539 2.8926822245121002 2.3715886920690536 0.64750927686691273 1.3978701978921892 4.0735732316970825
leaf_count=159 20 5 19 28 1 2 11 8 17 7 5 2 6 12
internal_value=0.00471215 0.00243783 0.00114716 -0.00172437 -0.0186846 0 -0.000987271 -0.00432005 0.0063593 0 -0.00568069 -0.0250695 0.0120779 0.0107337
internal_weight=53.7231 49.7094 47.9348 28.559 2.75073 25.8083 24.8715 20.976 19.3758 8.68214 5.78946 3.41787 3.89552 10.6937
internal_count=302 282 277 215 29 186 184 167 62 33 26 21 17 29
is_linear=0
shrinkage=0.0304053


Tree=96
num_leaves=11
num_cat=0
split_feature=39 168 19 382 321 61 4 31 2 356
split_gain=2.37139 1.12003 0.83509 1.18851 0.791356 0.732205 0.924391 0.580246 2.76354 2.49494
threshold=1.0000000180025095e-35 1.0000000180025095e-35 1.0000000180025095e-35 1.0000000180025095e-35 1.0000000180025095e-35 1.0000000180025095e-35 1.0000000180025095e-35 1.0000000180025095e-35 1.0000000180025095e-35 1.0000000180025095e-35
decision_type=2 2 2 2 2 2 2 2 2 2
left_child=1 2 3 5 -5 7 -7 9 -9 -1
right_child=-2 -3 -4 4 -6 6 -8 8 -10 -11
leaf_value=-0.026185857225017376 0.027948805661624547 0.021567625679325835 0.020910759396144098 -0.027467065822089978 0 -0.029872932060298257 0 0.018360269548322636 -0.0075989085814142021 0.0035071599301898641
leaf_weight=2.9651121478527811 3.9185758084058753 2.7782779335975638 1.8496153950691212 2.3246511034667487 0.38973674923181523 1.4544556587934485 1.2544586211442947 9.183061830699442 5.2043678276240817 22.078208472579718
leaf_count=82 20 11 5 28 2 14 3 29 31 77
internal_value=0.00467388 0.00244557 0.000900327 0 -0.0194152 0.0013305 -0.0128202 0.00278502 0.00765067 0
internal_weight=53.4005 49.4819 46.7037 44.8541 2.71439 42.1397 2.70891 39.4308 14.3874 25.0433
internal_count=302 282 271 266 30 236 17 219 60 159
is_linear=0
shrinkage=0.0304053


Tree=97
num_leaves=13
num_cat=0
split_feature=97 35 246 203 188 17 444 103 17 444 36 329
split_gain=1.11912 0.977526 1.061 1.18648 0.967107 2.65211 3.74299 0.87109 0.788592 0.517449 0.144207 0.0282561
threshold=1.0000000180025095e-35 1.0000000180025095e-35 1.0000000180025095e-35 1.0000000180025095e-35 1.0000000180025095e-35 1.0000000180025095e-35 1.0000000180025095e-35 1.0000000180025095e-35 1.0000000180025095e-35 1.0000000180025095e-35 1.0000000180025095e-35 1.0000000180025095e-35
decision_type=2 2 2 2 2 2 2 2 2 2 2 2
left_child=1 2 3 4 5 6 -1 8 -6 -7 -9 -3
right_child=-2 11 -4 -5 7 9 -8 10 -10 -11 -12 -13
leaf_value=-0.025887020928690385 0.027273914893775213 0.025611372056675817 0.021214821418317386 -0.024624881779528023 0.016116749157920076 0.011042598087146336 0.0031378761070252285 -0.0081208197200485603 0 0 0 0
leaf_weight=7.61729228310287 2.1646826267242423 2.0184669196605673 2.4749501794576636 1.6330613587051619 9.5536113381385785 10.347468299791215 6.7726817838847637 2.1467981785535803 2.732738845050334 3.1240568086504945 1.2419880330562594 1.2355546504259112
leaf_count=113 8 6 12 19 31 37 31 9 17 12 3 4
internal_value=0.00457218 0.00323228 0.00168912 0.000197713 0.00156638 -0.00126524 -0.0109088 0.00781006 0.0119442 0.0076265 -0.00157651 0.0199764
internal_weight=53.0634 50.8987 47.6446 45.1697 43.5366 27.8615 14.39 15.6751 12.2864 13.4715 3.38879 3.25402
internal_count=302 294 284 272 253 193 144 60 48 49 12 10
is_linear=0
shrinkage=0.0304053


Tree=98
num_leaves=14
num_cat=0
split_feature=39 436 9 31 2 321 382 2 19 17 170 31 382
split_gain=2.25345 0.926067 0.759509 2.22868 3.08047 2.5297 1.71198 1.65217 0.819805 0.531565 0.513338 0.0557735 0.00208474
threshold=1.0000000180025095e-35 1.0000000180025095e-35 1.0000000180025095e-35 1.0000000180025095e-35 1.0000000180025095e-35 1.0000000180025095e-35 1.0000000180025095e-35 1.0000000180025095e-35 1.0000000180025095e-35 1.0000000180025095e-35 1.0000000180025095e-35 1.0000000180025095e-35 1.0000000180025095e-35
decision_type=2 2 2 2 2 2 2 2 2 2 2 2 2
left_child=1 2 3 7 6 -6 -5 8 -1 -9 11 12 -4
right_child=-2 -3 10 4 5 -7 -8 9 -10 -11 -12 -13 -14
leaf_value=-0.02278891546320673 0.027647121597807838 0.025388992648033137 0.00094330509433099058 0.023094132604807985 -0.020240094546960862 0.033355103933218756 -0.011826884241556198 -0.0083459564823561098 0 0.0099362132521556793 0.017446891201253551 0 0.01091098498090614
leaf_weight=7.5142216756939888 3.768644541501998 1.6420121937990177 13.284465447068213 8.0930213555693591 4.8664180375635633 0.76868516206741322 0.77287802100181657 2.6302883345633745 0.38353943824768055 3.1174197755753994 3.5966260582208625 1.3369089961051948 0.95185680314898569
leaf_count=121 20 5 44 26 34 1 7 16 1 9 10 4 4
internal_value=0.00448735 0.00231537 0.00111198 -0.00155087 0.00592789 -0.0095488 0.017906 -0.0108896 -0.0199547 0 0.00601195 0.00214939 0.00294531
internal_weight=52.727 48.9583 47.3163 28.1465 14.501 5.6351 8.8659 13.6455 7.89776 5.74771 19.1699 15.5732 14.2363
internal_count=302 282 277 215 68 35 33 147 122 25 62 52 48
is_linear=0
shrinkage=0.0304053


Tree=99
num_leaves=11
num_cat=0
split_feature=39 35 168 203 90 324 47 356 107 61
split_gain=2.17385 1.08311 1.23156 0.904554 0.731712 3.15723 2.10381 1.51949 1.38511 0.149999
threshold=1.0000000180025095e-35 1.0000000180025095e-35 1.0000000180025095e-35 1.0000000180025095e-35 1.0000000180025095e-35 1.0000000180025095e-35 1.0000000180025095e-35 1.0000000180025095e-35 1.0000000180025095e-35 1.0000000180025095e-35
decision_type=2 2 2 2 2 2 2 2 2 2
left_child=1 2 3 4 5 6 -1 -7 9 -6
right_child=-2 -3 -4 -5 8 7 -8 -9 -10 -11
leaf_value=-0.038651980691617453 0.027463264388849298 0.019643318214432794 0.020853433772456804 -0.023241134248342191 0.0094976966641740976 -0.021930529118138163 0 0.0055061672285503351 -0.023268595761991164 0
leaf_weight=3.3267441783100393 3.6799002587795249 3.2018378153443328 2.6561724096536627 1.5435513928532589 14.677435927093033 1.9428190458565975 1.300119414925575 17.533480577170849 1.1074744556099165 1.4064911678433425
leaf_count=35 20 10 11 19 55 66 4 67 8 7
internal_value=0.0044166 0.00228367 0.00064348 -0.000167532 0.000236482 -0.00267668 -0.025579 0.00179182 0.00542515 0.0085848
internal_weight=52.376 48.6961 45.4943 42.8381 41.2946 24.1032 4.62686 19.4763 17.1914 16.0839
internal_count=302 282 272 261 242 172 39 133 70 62
is_linear=0
shrinkage=0.0304053


Tree=100
num_leaves=14
num_cat=0
split_feature=62 9 188 17 35 329 356 190 4 203 103 246 324
split_gain=1.25105 1.85799 1.46025 1.3471 1.05406 1.08906 0.647354 0.388857 0.342794 0.28018 0.220278 0.147924 0.0234865
threshold=1.0000000180025095e-35 1.0000000180025095e-35 1.0000000180025095e-35 1.0000000180025095e-35 1.0000000180025095e-35 1.0000000180025095e-35 1.0000000180025095e-35 1.0000000180025095e-35 1.0000000180025095e-35 1.0000000180025095e-35 1.0000000180025095e-35 1.0000000180025095e-35 1.0000000180025095e-35
decision_type=2 2 2 2 2 2 2 2 2 2 2 2 2
left_child=2 -2 3 4 5 11 -4 9 -8 -5 -3 12 -1
right_child=1 10 6 7 -6 -7 8 -9 -10 -11 -12 -13 -14
leaf_value=-0.0054897242911479014 -0.027042505046682121 0.0057682530027541572 0 0.013086368661428824 0.015485539061522205 -0.037031541807516742 0.025874836109964116 0 0 0 -0.0032664965151834231 0.0056353752946169278 0
leaf_weight=5.8625638838857421 2.5712261684238893 5.8033357784152031 1.3240257948636989 12.840286441147322 2.5175066962838164 0.99207246303558427 5.7540008723735809 0.94792929291725236 1.2536451518535612 0.80841115117073137 1.8510573618113992 0.68732860684394914 8.8459560144692659
leaf_count=45 34 16 5 43 8 4 23 5 3 4 7 3 102
internal_value=0.00431354 -0.00412261 0.00682968 0.00329028 -0.00119995 -0.00492382 0.0187778 0.010406 0.0224627 0.0119221 0.00110287 -0.00161577 -0.00324643
internal_weight=52.0593 10.2256 41.8337 33.5021 18.9054 16.3879 8.33167 14.5966 7.00765 13.6487 7.65439 15.3958 14.7085
internal_count=302 57 245 214 162 154 31 52 26 47 23 150 147
is_linear=0
shrinkage=0.0304053


Tree=101
num_leaves=14
num_cat=0
split_feature=62 9 188 107 246 187 356 61 61 102 356 107 226
split_gain=1.18694 1.78596 1.40405 1.23984 1.55307 0.831523 0.626908 1.2762 0.617582 0.66273 0.262056 0.240979 0.387759
threshold=1.0000000180025095e-35 1.0000000180025095e-35 1.0000000180025095e-35 1.0000000180025095e-35 1.0000000180025095e-35 1.0000000180025095e-35 1.0000000180025095e-35 1.0000000180025095e-35 1.0000000180025095e-35 1.0000000180025095e-35 1.0000000180025095e-35 1.0000000180025095e-35 1.0000000180025095e-35
decision_type=2 2 2 2 2 2 2 2 2 2 2 2 2
left_child=2 -2 3 5 -5 8 -4 -8 9 10 -1 12 -3
right_child=1 11 6 4 -6 -7 7 -9 -10 -11 -12 -13 -14
leaf_value=0 -0.026783022491525543 -0.0091821999558049355 0 -0.026360370782022031 0.0073668014729631236 0.024961263579166136 0.029816055970907827 0 -0.016343167015998184 -0.019627496845560203 0.0083806089141743537 0.0081925014215097087 0.0093111123027017108
leaf_weight=8.0323325730860358 2.5180438514798862 3.232509158551693 1.3240257948636989 2.7141479235142461 1.1195573657751086 2.2729725986719123 5.1307110339403152 1.7830325812101362 0.98171698302030463 0.63097459077834983 17.641843609511852 3.4221048504114151 0.99191944301128376
leaf_count=99 34 13 5 26 5 6 21 5 12 3 63 8 2
internal_value=0.00419008 -0.00402354 0.00665175 0.0031722 -0.0115625 0.00572641 0.0184469 0.0221185 0.00342607 0.00488725 0.00623123 0.00099506 -0.000344193
internal_weight=51.7959 10.1646 41.6313 33.3935 3.83371 29.5598 8.23777 6.91374 27.2869 26.3052 25.6742 7.64653 4.22443
internal_count=302 57 245 214 31 183 31 26 177 165 162 23 15
is_linear=0
shrinkage=0.0304053


Tree=102
num_leaves=10
num_cat=0
split_feature=39 35 168 19 382 104 102 356 2
split_gain=2.04225 1.02245 1.09577 0.889231 0.797013 0.441843 0.249412 0.166044 0.0307655
threshold=1.0000000180025095e-35 1.0000000180025095e-35 1.0000000180025095e-35 1.0000000180025095e-35 1.0000000180025095e-35 1.0000000180025095e-35 1.0000000180025095e-35 1.0000000180025095e-35 1.0000000180025095e-35
decision_type=2 2 2 2 2 2 2 2 2
left_child=1 2 3 4 6 -6 7 -1 -3
right_child=-2 8 -4 -5 5 -7 -8 -9 -10
leaf_value=-0.0037298100138696937 0.027053660955840317 0.024706498597686252 0.019988603453121291 0.019998420580644528 -0.025044675178375653 0 -0.019130128395765628 0.001273998338265179 0
leaf_weight=7.544171303510665 3.4850895702838889 1.9032721221446982 2.543005719780921 1.7813978046178807 2.0026379246264692 0.54002602398395527 0.62781155109405418 29.890740912407637 1.2149651125073433
leaf_count=109 20 6 11 5 28 2 3 114 4
internal_value=0.00409039 0.0020282 0.000421807 -0.000305249 -0.00166485 -0.0182666 -5.57772e-05 0 0.0190698
internal_weight=51.5331 48.048 44.9298 42.3868 40.6054 2.54266 38.0627 37.4349 3.11824
internal_count=302 282 272 261 256 30 226 223 10
is_linear=0
shrinkage=0.0304053


Tree=103
num_leaves=17
num_cat=0
split_feature=39 35 9 62 33 90 187 168 166 34 33 324 48 104 107 107
split_gain=1.97317 0.987188 1.07482 1.57638 1.4225 1.86397 2.11468 0.424005 1.05 0.994181 0.793705 0.488973 0.329835 0.22788 0.0836115 0.0015931
threshold=1.0000000180025095e-35 1.0000000180025095e-35 1.0000000180025095e-35 1.0000000180025095e-35 1.0000000180025095e-35 1.0000000180025095e-35 1.0000000180025095e-35 1.0000000180025095e-35 1.0000000180025095e-35 1.0000000180025095e-35 1.0000000180025095e-35 1.0000000180025095e-35 1.0000000180025095e-35 1.0000000180025095e-35 1.0000000180025095e-35 1.0000000180025095e-35
decision_type=2 2 2 2 2 2 2 2 2 2 2 2 2 2 2 2
left_child=1 2 3 4 5 6 -1 8 9 11 14 -4 -7 -6 -10 -12
right_child=-2 -3 7 -5 13 12 -8 -9 10 -11 15 -13 -14 -15 -16 -17
leaf_value=-0.028346140942725619 0.026867355635084467 0.018828507360052989 0 -0.026490078340822149 0.026042267905464111 0 0.014156056301060866 0.019671013510668342 0.020474891322635601 0.01426071396003167 0.00067201634668140765 -0.028364589911549026 0.01679421054992896 0 0 0
leaf_weight=4.7464244328439316 3.4038220047950736 3.0830010846257201 2.9390483498573348 2.456596862524747 1.8129902407526961 12.955914629623292 0.7429310418665408 2.5061062574386588 4.1536790877580643 0.94455265998840321 3.2586597949266434 1.7023273296654222 1.1048203259706504 1.5402860194444656 1.7158784270286558 2.2388918697834015
leaf_count=92 20 10 9 34 6 64 2 11 10 3 8 14 3 6 4 6
internal_value=0.00400539 0.0019831 0.000399638 -0.00325259 0 -0.00388054 -0.0191321 0.00613496 0.00301128 -0.00587877 0.00905057 -0.0140722 0.000725759 0.0174396 0.0168392 0
internal_weight=51.3059 47.9021 44.8191 25.36 22.9034 19.5501 5.48936 19.4591 16.953 5.58593 11.3671 4.64138 14.0607 3.35328 5.86956 5.49755
internal_count=302 282 272 207 173 161 94 65 54 26 28 23 67 12 14 14
is_linear=0
shrinkage=0.0304053


Tree=104
num_leaves=19
num_cat=0
split_feature=34 279 41 166 170 187 107 49 225 9 61 157 36 31 33 103 47 166
split_gain=0.979077 0.536507 0.471409 0.643398 3.68468 2.43144 1.85936 1.2474 1.18292 0.813505 0.508758 0.43049 0.369201 0.410473 0.233329 0.119316 0.0683597 0.0168425
threshold=1.0000000180025095e-35 1.0000000180025095e-35 1.0000000180025095e-35 1.0000000180025095e-35 1.0000000180025095e-35 1.0000000180025095e-35 1.0000000180025095e-35 1.0000000180025095e-35 1.0000000180025095e-35 1.0000000180025095e-35 1.0000000180025095e-35 1.0000000180025095e-35 1.0000000180025095e-35 1.0000000180025095e-35 1.0000000180025095e-35 1.0000000180025095e-35 1.0000000180025095e-35 1.0000000180025095e-35
decision_type=2 2 2 2 2 2 2 2 2 2 2 2 2 2 2 2 2 2
left_child=2 -2 3 4 5 7 11 8 -1 15 12 -6 13 -11 17 -5 -7 -4
right_child=1 -3 14 9 6 16 -8 -9 -10 10 -12 -13 -14 -15 -16 -17 -18 -19
leaf_value=-0.032640702257793697 0.026511311495328219 0 0.0026881269972732565 0 0.011093789875162803 0 -0.024471797725709534 0 0 0.018933595619827884 0 0 0 0 0.024026413484476771 -0.013356394116748419 0.017633979924476149 0
leaf_weight=6.722710797563197 2.7365250959992404 0.53136788308620442 2.1522227451205249 3.8141002692282173 15.566053424030546 0.81887404248118378 1.3866527844220389 0.43034592270851124 0.67710272967815388 7.0330287665128672 1.4916469603776938 1.4656636863946921 1.4644574970006949 1.136503219604492 1.5316622257232664 0.67335247248411167 0.68307709693908691 0.63336534798145283
leaf_count=120 13 3 13 20 62 6 13 1 4 16 4 6 4 3 4 5 1 4
internal_value=0.00395717 0.0209045 0.00239633 0.000956463 -0.0012774 -0.0173829 0.00585321 -0.0250586 -0.0286396 0.00614257 0.0109364 0.0094403 0.0136721 0.0161923 0.0124535 -0.00151272 0.00998528 0
internal_weight=50.9487 3.26789 47.6808 43.3636 27.7505 9.33211 18.4184 7.83016 7.39981 15.6131 11.1256 17.0317 9.63399 8.16953 4.31725 4.48745 1.50195 2.78559
internal_count=302 16 286 265 213 132 81 125 124 52 27 68 23 19 21 25 7 17
is_linear=0
shrinkage=0.0304053


Tree=105
num_leaves=17
num_cat=0
split_feature=39 97 9 31 99 2 382 33 2 166 170 34 188 33 107 107
split_gain=1.89496 0.874165 0.543204 1.92356 3.48452 2.89364 1.45783 1.2998 0.481108 0.391491 1.50821 1.61729 1.93428 0.757712 0.0882045 0.000406159
threshold=1.0000000180025095e-35 1.0000000180025095e-35 1.0000000180025095e-35 1.0000000180025095e-35 1.0000000180025095e-35 1.0000000180025095e-35 1.0000000180025095e-35 1.0000000180025095e-35 1.0000000180025095e-35 1.0000000180025095e-35 1.0000000180025095e-35 1.0000000180025095e-35 1.0000000180025095e-35 1.0000000180025095e-35 1.0000000180025095e-35 1.0000000180025095e-35
decision_type=2 2 2 2 2 2 2 2 2 2 2 2 2 2 2 2
left_child=1 2 3 4 7 6 -5 -1 -6 10 11 12 -4 14 -11 -15
right_child=-2 -3 9 5 8 -7 -8 -9 -10 13 -12 -13 -14 15 -16 -17
leaf_value=-0.026654484381456661 0.026637834572624874 0.024528576926248619 -0.037995420933768079 0.022109366813762937 0 -0.0097149312487165608 -0.0093606342796889869 0 0.018975951441615867 0.019790861342578344 0.015091451613343463 0.011782737415279182 0.00066203509669228878 0.00033980447426744425 0 0
leaf_weight=7.5283946674317104 3.3019796907901755 1.585283264517783 2.6490363106131567 7.8750282749533635 0.95017147064209106 5.5006927661597738 0.71386747807264317 1.9674237072467802 2.6363621279597282 4.0903365761041641 3.2018427848815918 0.85897734761238087 0.5934491455554961 3.2493268847465515 1.7044665068387983 2.2311003804206848
leaf_count=120 20 5 19 26 7 35 7 14 6 10 9 3 3 8 4 6
internal_value=0.00387851 0.00188838 0.00068748 -0.00154264 -0.0104646 0.00539433 0.0172813 -0.0208996 0.0118673 0.00497092 0 -0.0127246 -0.0250732 0.00853251 0.0162005 0
internal_weight=50.6377 47.3358 45.7505 27.1719 13.0824 14.0896 8.5889 9.49582 3.58653 18.5785 7.30331 4.10146 3.24249 11.2752 5.7948 5.48043
internal_count=302 282 277 215 147 68 33 134 13 62 34 25 22 28 14 14
is_linear=0
shrinkage=0.0304053


Tree=106
num_leaves=14
num_cat=0
split_feature=62 188 107 246 17 185 97 61 329 61 107 332 329
split_gain=1.02753 1.22616 1.13757 1.40043 1.03038 0.899487 0.766903 0.565218 0.214954 0.248882 0.214335 0.0621272 0.120102
threshold=1.0000000180025095e-35 1.0000000180025095e-35 1.0000000180025095e-35 1.0000000180025095e-35 1.0000000180025095e-35 1.0000000180025095e-35 1.0000000180025095e-35 1.0000000180025095e-35 1.0000000180025095e-35 1.0000000180025095e-35 1.0000000180025095e-35 1.0000000180025095e-35 1.0000000180025095e-35
decision_type=2 2 2 2 2 2 2 2 2 2 2 2 2
left_child=1 2 4 5 6 -4 8 -3 9 -1 -2 12 -6
right_child=10 7 3 -5 11 -7 -8 -9 -10 -11 -12 -13 -14
leaf_value=0.0010211218328379293 -0.0079866202549070883 0.023734922696584178 -0.034742394318603056 0.0058256640765061039 0.017829913317979923 0 0.022495489304681354 0 -0.010520322741013615 -0.015204654611943679 0 0 0.0038335322011637889
leaf_weight=11.762487053871151 5.3771388949826342 5.2063477560877791 2.137831967324018 1.047696724534035 5.8516778126358986 0.46258381009101857 1.3136005699634559 2.6757509857416153 2.18095537275076 0.93963187187910158 4.5454176887869835 1.157925799489022 5.5914516448974609
leaf_count=115 34 23 24 5 26 2 4 8 8 12 23 4 14
internal_value=0.00382946 0.00618313 0.00284995 -0.0116202 0.00534329 -0.0259435 0 0.0174899 -0.00169853 0 -0.00382225 0.0118668 0.0126524
internal_weight=50.2505 40.3279 32.4458 3.64811 28.7977 2.60042 16.1967 7.8821 14.8831 12.7021 9.92256 12.6011 11.4431
internal_count=302 245 214 31 183 26 139 31 135 127 57 44 40
is_linear=0
shrinkage=0.0304053


Tree=107
num_leaves=10
num_cat=0
split_feature=39 35 97 19 321 324 17 382 2
split_gain=1.79094 0.929421 0.947875 0.772856 0.903766 1.17912 2.36856 0.831289 0.0199232
threshold=1.0000000180025095e-35 1.0000000180025095e-35 1.0000000180025095e-35 1.0000000180025095e-35 1.0000000180025095e-35 1.0000000180025095e-35 1.0000000180025095e-35 1.0000000180025095e-35 1.0000000180025095e-35
decision_type=2 2 2 2 2 2 2 2 2
left_child=1 2 3 4 5 6 -1 -7 -3
right_child=-2 8 -4 -5 -6 7 -8 -9 -10
leaf_value=-0.024504479812972563 0.026338363403834761 0.023873875162787474 0.023892144096303927 0.019159270491866425 0.017847156337294657 0.0022840013795723353 0 -0.021299231142479783 0
leaf_weight=5.9887632466852647 3.1791938394308081 1.8047752082347861 1.5356606692075718 1.7167052030563343 1.8833571113646019 24.158862655982379 7.1789398342370987 1.4166990779340256 1.2064494118094444
leaf_count=50 20 6 5 5 8 159 26 19 4
internal_value=0.00375711 0.00181975 0.000253513 -0.000156725 -0.0014415 -0.0028704 -0.0103393 0.000233205 0.0183218
internal_weight=50.0694 46.8902 43.879 42.3433 40.6266 38.7433 13.1677 25.5756 3.01122
internal_count=302 282 272 267 262 254 76 178 10
is_linear=0
shrinkage=0.0304053


Tree=108
num_leaves=14
num_cat=0
split_feature=39 35 9 62 48 324 17 107 62 166 62 103 103
split_gain=1.72287 0.892748 0.907605 1.46043 0.366998 1.12987 2.29266 0.333088 1.00915 1.41575 0.726478 0.239939 0.0185764
threshold=1.0000000180025095e-35 1.0000000180025095e-35 1.0000000180025095e-35 1.0000000180025095e-35 1.0000000180025095e-35 1.0000000180025095e-35 1.0000000180025095e-35 1.0000000180025095e-35 1.0000000180025095e-35 1.0000000180025095e-35 1.0000000180025095e-35 1.0000000180025095e-35 1.0000000180025095e-35
decision_type=2 2 2 2 2 2 2 2 2 2 2 2 2
left_child=1 2 3 4 5 6 -1 8 9 -4 -9 -7 -10
right_child=-2 -3 7 -5 -6 11 -8 10 12 -11 -12 -13 -14
leaf_value=-0.020258242555410744 0.02614796410794221 0.018088557764844117 0.00068497031743916894 -0.025981757845789856 0.016078059287056953 0.0069654323258196539 0.0049757919525548521 -0.015666032942186801 0 0.028799597870060079 0.0076253378056976807 0 -0.0031117499006472569
leaf_weight=6.9916555602103543 3.1061166524887076 2.9783274456858626 5.6870967485010642 2.347907453775405 1.1082233488559712 9.3641146048903448 4.5686428397893906 1.9326112419366825 2.3420986272394648 3.7977469712495804 3.3798903077840805 0.38541390001773912 1.8353965505957601
leaf_count=52 20 10 24 34 3 99 16 9 8 9 8 3 7
internal_value=0.00370993 0.00181033 0.000266806 -0.00309041 0 -0.0015641 -0.00864447 0.00564915 0.00817645 0.0139485 0 0.00488405 -0.000386203
internal_weight=49.8252 46.7191 43.7408 24.766 22.4181 21.3098 11.5603 18.9748 13.6623 9.48484 5.3125 9.74953 4.1775
internal_count=302 282 272 207 173 170 68 65 48 33 17 102 15
is_linear=0
shrinkage=0.0304053


Tree=109
num_leaves=10
num_cat=0
split_feature=39 97 198 321 356 31 47 2 166
split_gain=1.6613 0.756036 0.644461 0.676351 0.965803 1.66188 0.418824 0.418798 0.348952
threshold=1.0000000180025095e-35 1.0000000180025095e-35 1.0000000180025095e-35 1.0000000180025095e-35 1.0000000180025095e-35 1.0000000180025095e-35 1.0000000180025095e-35 1.0000000180025095e-35 1.0000000180025095e-35
decision_type=2 2 2 2 2 2 2 2 2
left_child=1 2 3 4 5 -1 8 -5 -6
right_child=-2 -3 -4 7 6 -7 -8 -9 -10
leaf_value=-0.027421469339981387 0.02595645373840548 0.023458106367534006 0.018980880653620993 0 -0.002896971039587025 0 0.01409801851397813 0.02906778446729983 0.0035147506976881955
leaf_weight=3.2442749571055165 3.0350064039230338 1.5023003667592991 1.7010841220617283 0.71582322567701218 17.779645092785358 4.3560222834348679 2.0520673990249625 1.1562191918492317 14.031106792390348
leaf_count=96 20 5 5 5 90 26 7 3 45
internal_value=0.0036427 0.00177812 0.000631986 0 -0.000896747 -0.0109105 0.000790679 0.0177697 0
internal_weight=49.5735 46.5385 45.0362 43.3352 41.4631 7.6003 33.8628 1.87204 31.8108
internal_count=302 282 277 272 264 122 142 8 135
is_linear=0
shrinkage=0.0304053


Tree=110
num_leaves=11
num_cat=0
split_feature=62 9 156 102 356 190 103 19 97 17
split_gain=0.934724 1.50611 0.691162 0.67929 0.47692 0.617255 0.172112 0.0774863 0.0292972 0.127153
threshold=1.0000000180025095e-35 1.0000000180025095e-35 1.0000000180025095e-35 1.0000000180025095e-35 1.0000000180025095e-35 1.0000000180025095e-35 1.0000000180025095e-35 1.0000000180025095e-35 1.0000000180025095e-35 1.0000000180025095e-35
decision_type=2 2 2 2 2 2 2 2 2 2
left_child=2 -2 3 4 7 -6 -3 8 9 -1
right_child=1 6 -4 -5 5 -7 -8 -9 -10 -11
leaf_value=-0.0043999116411888653 -0.025733730163752175 0.0050160695403525819 -0.01727152051382291 -0.016707679836544798 0.01084319721865748 -0.006782598536084818 -0.0030944139570129692 0.010793854376185729 0.0046449391007433788 2.1255850311516537e-05
leaf_weight=6.7189911194145626 2.2988060936331731 5.7049680314958096 0.71269287914037605 0.6144506186246862 27.469037629663948 0.61124463379382987 1.8337488733232019 0.61228191852569658 0.66998869180679399 2.1116341426968575
leaf_count=105 34 16 5 3 113 4 7 1 3 11
internal_value=0.00358645 -0.00368654 0.00587748 0.00679304 0.0076694 0.00978271 0.000524664 0 0 -0.0011931
internal_weight=49.3578 9.83752 39.5203 38.8076 38.1932 28.0803 7.53872 10.1129 9.50061 8.83063
internal_count=302 57 245 240 237 117 23 120 119 116
is_linear=0
shrinkage=0.0304053


Tree=111
num_leaves=10
num_cat=0
split_feature=39 35 168 19 166 170 47 107 9
split_gain=1.59351 0.84609 0.883651 0.739558 0.491309 4.08977 4.10916 1.96911 1.191
threshold=1.0000000180025095e-35 1.0000000180025095e-35 1.0000000180025095e-35 1.0000000180025095e-35 1.0000000180025095e-35 1.0000000180025095e-35 1.0000000180025095e-35 1.0000000180025095e-35 1.0000000180025095e-35
decision_type=2 2 2 2 2 2 2 2 2
left_child=1 2 3 4 5 6 -1 -7 -6
right_child=-2 -3 -4 -5 8 7 -8 -9 -10
leaf_value=-0.034684396105829907 0.02568248120384831 0.017624834823189574 0.018611537095423666 0.018481218888793654 -0.012066291229681931 0.0076604677405532617 0.0097561680536460658 -0.026111552849654385 0.007727734420649373
leaf_weight=6.4449084745720047 2.937322534620761 2.9149951115250579 2.3327448219060889 1.6720051914453495 3.3378172740340206 14.905530896037817 1.9089744091033933 1.6295870468020446 11.109385699033737
leaf_count=125 20 10 11 5 21 62 5 15 28
internal_value=0.00346534 0.00164264 0.000128598 -0.000460842 -0.00174988 -0.00459602 -0.0222567 0.00318028 0.00183904
internal_weight=49.1933 46.2559 43.341 41.0082 39.3362 24.889 8.35388 16.5351 14.4472
internal_count=302 282 272 261 256 207 130 77 49
is_linear=0
shrinkage=0.0304053


Tree=112
num_leaves=11
num_cat=0
split_feature=39 436 321 437 356 90 49 107 33 324
split_gain=1.53284 0.678979 0.584787 0.4434 0.431806 0.613833 0.657933 0.445278 0.603667 0.474197
threshold=1.0000000180025095e-35 1.0000000180025095e-35 1.0000000180025095e-35 1.0000000180025095e-35 1.0000000180025095e-35 1.0000000180025095e-35 1.0000000180025095e-35 1.0000000180025095e-35 1.0000000180025095e-35 1.0000000180025095e-35
decision_type=2 2 2 2 2 2 2 2 2 2
left_child=1 2 3 4 5 6 -1 9 -9 -6
right_child=-2 -3 -4 -5 7 -7 -8 8 -10 -11
leaf_value=-0.019193227147154952 0.025488021038807072 0.022668487201954003 0.01723267330120359 0.01758021151965948 -0.00035945546840090027 0 0 -0.013840070087669827 0 0.0067795472269539508
leaf_weight=4.3287209244444949 2.870783418416976 1.4320846647024144 1.8588319942355145 1.2494469732046116 11.514992006123066 3.4445597026497126 0.40818488597869862 4.0634156875312311 3.9378004558384418 13.7071229852736
leaf_count=99 20 5 8 6 42 24 1 27 17 53
internal_value=0.00342064 0.00162715 0.000522337 0 -0.000744687 -0.00716234 -0.0144332 0.00026458 -0.00525172 0.00276773
internal_weight=48.8159 45.9452 44.5131 42.6542 41.4048 8.18147 4.73691 33.2233 8.00122 25.2221
internal_count=302 282 277 269 263 124 100 139 44 95
is_linear=0
shrinkage=0.0304053


Tree=113
num_leaves=11
num_cat=0
split_feature=34 382 35 279 41 436 321 166 103 4
split_gain=0.753517 0.864214 0.589968 0.476349 0.398973 0.381529 0.307789 0.303652 0.49509 0.0749186
threshold=1.0000000180025095e-35 1.0000000180025095e-35 1.0000000180025095e-35 1.0000000180025095e-35 1.0000000180025095e-35 1.0000000180025095e-35 1.0000000180025095e-35 1.0000000180025095e-35 1.0000000180025095e-35 1.0000000180025095e-35
decision_type=2 2 2 2 2 2 2 2 2 2
left_child=1 2 5 -2 -3 6 7 8 -1 -9
right_child=3 4 -4 -5 -6 -7 -8 9 -10 -11
leaf_value=-8.6184145455401345e-05 0.025151538751672916 -0.023075880975362985 0.017356334492611147 0 0 0.019838246551626696 0.014177122463710459 0.0047031894216580088 -0.021952945392185105 0
leaf_weight=22.479878566227857 2.3913865685462947 1.6802528696134675 2.8807512223720542 0.48544166982173909 0.21791978180408467 1.1505428701639164 1.5170518551021803 11.800087474286554 1.1312884055078019 2.9081286936998358
leaf_count=180 13 27 10 3 1 4 6 40 9 9
internal_value=0.00336515 0.00194669 0.00318541 0.0193134 -0.0166551 0.00172508 0.000724019 0 -0.00194038 0.00361095
internal_weight=48.6427 45.7659 43.8677 2.87683 1.89817 40.987 39.8364 38.3194 23.6112 14.7082
internal_count=302 286 258 16 28 248 244 238 189 49
is_linear=0
shrinkage=0.0304053


Tree=114
num_leaves=9
num_cat=0
split_feature=39 35 168 19 321 356 189 48
split_gain=1.4664 0.779343 0.796467 0.687601 0.804863 0.95514 1.05011 0.345426
threshold=1.0000000180025095e-35 1.0000000180025095e-35 1.0000000180025095e-35 1.0000000180025095e-35 1.0000000180025095e-35 1.0000000180025095e-35 1.0000000180025095e-35 1.0000000180025095e-35
decision_type=2 2 2 2 2 2 2 2
left_child=1 2 3 4 5 6 -1 -7
right_child=-2 -3 -4 -5 -6 7 -8 -9
leaf_value=-0.027067140802273775 0.02522409301848523 0.017057289201487285 0.017976711820931322 0.017990489404014501 0.016357985984890175 -0.0014724187613936114 0 0.015182128440517535
leaf_weight=3.0242133866995564 2.7820782884955397 2.8427637293934813 2.249128431081771 1.6299262791872013 1.8460182808339585 29.526328537613157 3.4654393484815955 1.1131987273693074
leaf_count=92 20 10 11 5 8 126 27 3
internal_value=0.00328634 0.00153385 6.00188e-05 -0.000465811 -0.00172599 -0.00313761 -0.0138575 -0.000246351
internal_weight=48.4791 45.697 42.8543 40.6051 38.9752 37.1292 6.48965 30.6395
internal_count=302 282 272 261 256 248 119 129
is_linear=0
shrinkage=0.0304053


Tree=115
num_leaves=12
num_cat=0
split_feature=62 9 2 356 107 224 17 107 226 17 35
split_gain=0.821392 1.38231 0.891176 0.898781 1.16668 0.395473 0.530134 0.186802 0.362262 1.68145 0.0257704
threshold=1.0000000180025095e-35 1.0000000180025095e-35 1.0000000180025095e-35 1.0000000180025095e-35 1.0000000180025095e-35 1.0000000180025095e-35 1.0000000180025095e-35 1.0000000180025095e-35 1.0000000180025095e-35 1.0000000180025095e-35 1.0000000180025095e-35
decision_type=2 2 2 2 2 2 2 2 2 2 2
left_child=2 -2 3 10 -5 6 -4 8 9 -3 -1
right_child=1 7 5 4 -6 -7 -8 -9 -10 -11 -12
leaf_value=-0.00021718753382681612 -0.025231105231802262 0 -0.0033013867373669829 0.017402273035699738 0 -0.01852935092875135 0.0083987572774444179 0.0071400003807093864 0.0077182892513184649 -0.040578100865374341 0.0059722393261711394
leaf_weight=7.0749850105494287 2.1988216238096339 2.0506295897066593 6.8186976350843871 12.786058202385904 4.2154431343078604 1.0450874567031867 5.9751472175121307 3.3498053848743439 0.98472414910793293 1.1105427257716658 0.65602335333824147
leaf_count=103 34 7 42 53 20 8 17 8 2 6 2
internal_value=0.00323182 -0.00357556 0.00543522 0.00890942 0.0128192 0 0.000679512 0.000250798 -0.000738822 -0.00937992 0
internal_weight=48.266 9.69452 38.5714 24.7325 17.0015 13.8389 12.7938 7.4957 4.1459 3.16117 7.73101
internal_count=302 57 245 178 73 67 59 23 15 13 105
is_linear=0
shrinkage=0.0304053


Tree=116
num_leaves=14
num_cat=0
split_feature=62 2 99 321 329 356 107 41 35 107 157 97 29
split_gain=0.760674 0.84692 1.831 1.76512 0.97291 1.18375 1.52998 0.892654 1.0468 0.185193 0.168772 0.00557266 0.00542507
threshold=1.0000000180025095e-35 1.0000000180025095e-35 1.0000000180025095e-35 1.0000000180025095e-35 1.0000000180025095e-35 1.0000000180025095e-35 1.0000000180025095e-35 1.0000000180025095e-35 1.0000000180025095e-35 1.0000000180025095e-35 1.0000000180025095e-35 1.0000000180025095e-35 1.0000000180025095e-35
decision_type=2 2 2 2 2 2 2 2 2 2 2 2 2
left_child=1 4 3 7 5 11 12 8 -3 10 -2 -1 -7
right_child=9 2 -4 -5 -6 6 -8 -9 -10 -11 -12 -13 -14
leaf_value=0 -0.010745186386498178 -0.024765983516058517 0.013267970722852723 0.024689736414650124 -0.023491262935550272 0.020819131955911011 0 0 0 0 0 0.0028463330169248642 0
leaf_weight=7.0943652559071841 3.7863540230318886 5.995134908705948 5.2657688707113257 0.83635737001895893 0.49991807341575523 11.500898994505405 4.2154431343078604 0.56983521580696095 1.1421647518873213 4.4106176234781742 1.4379508420825002 0.6333312690258025 0.70537104457616884
leaf_count=102 28 45 13 2 2 46 20 3 4 23 6 3 5
internal_value=0.00313961 0.00526732 0 -0.00946305 0.00866298 0.0101173 0.0147361 -0.0156394 -0.0194857 -0.00338197 -0.00733788 0 0.0201986
internal_weight=48.0935 38.4586 13.8093 8.54349 24.6493 24.1494 16.4217 7.70713 7.1373 9.63492 5.2243 7.7277 12.2063
internal_count=302 245 67 54 178 176 71 52 49 57 34 105 51
is_linear=0
shrinkage=0.0304053


Tree=117
num_leaves=10
num_cat=0
split_feature=39 35 168 19 321 324 90 107 2
split_gain=1.38317 0.747503 0.743583 0.635989 0.750357 0.98427 2.48978 0.727397 0.0641842
threshold=1.0000000180025095e-35 1.0000000180025095e-35 1.0000000180025095e-35 1.0000000180025095e-35 1.0000000180025095e-35 1.0000000180025095e-35 1.0000000180025095e-35 1.0000000180025095e-35 1.0000000180025095e-35
decision_type=2 2 2 2 2 2 2 2 2
left_child=1 2 3 4 5 6 -1 -7 -3
right_child=-2 8 -4 -5 -6 7 -8 -9 -10
leaf_value=-0.030279674358750577 0.024851562742875047 0.022481167345242477 0.017498170349974605 0.017285928578921795 0.015571622270565707 0.004105092363733907 0 -0.0071646895089618051 0
leaf_weight=3.9082276737317416 2.6617988049983969 1.6493439227342597 2.1987327039241782 1.5889898687601078 1.8350222092121828 16.232695348560814 8.9154272899031639 7.7677784245461217 1.1421647518873215
leaf_count=38 20 6 11 5 8 125 38 47 4
internal_value=0.00306934 0.00136659 0 -0.000577466 -0.00180399 -0.00318655 -0.0100049 0 0.0166604
internal_weight=47.9002 45.2384 42.4469 40.2481 38.6592 36.8241 12.8237 24.0005 2.79151
internal_count=302 282 272 261 256 248 76 172 10
is_linear=0
shrinkage=0.0304053


Tree=118
num_leaves=13
num_cat=0
split_feature=39 35 19 321 324 99 90 33 226 2 2 2
split_gain=1.33004 0.718042 0.491481 0.543719 1.12914 2.82433 3.66552 0.633796 0.509202 0.940013 0.380233 0.0572624
threshold=1.0000000180025095e-35 1.0000000180025095e-35 1.0000000180025095e-35 1.0000000180025095e-35 1.0000000180025095e-35 1.0000000180025095e-35 1.0000000180025095e-35 1.0000000180025095e-35 1.0000000180025095e-35 1.0000000180025095e-35 1.0000000180025095e-35 1.0000000180025095e-35
decision_type=2 2 2 2 2 2 2 2 2 2 2 2
left_child=1 2 3 4 5 7 -7 -1 9 -6 -5 -3
right_child=-2 11 -4 10 8 6 -8 -9 -10 -11 -12 -13
leaf_value=-0.025424970493357596 0.024650642884187394 0.022195237514036723 0.016918488186029618 0 0.00220848211568282 -0.036397906509054702 0.021002968008557998 0 0.013552717428042092 -0.017504695982812915 0.026171349608433588 0
leaf_weight=6.394131572917102 2.6028295531868926 1.6202783137559882 1.5744192302227009 0.70649757795035717 20.538314091041691 1.2233747094869611 4.2852319777011871 1.1007007062435148 2.9118992462754241 2.5065826661884776 1.1238665953278542 1.1421647518873215
leaf_count=57 20 6 5 5 144 6 9 5 13 25 3 4
internal_value=0.00302327 0.00135374 0 -0.000270116 -0.00148234 -0.00904871 0.0047983 -0.0217572 0.00157713 0 0.0151378 0.0164313
internal_weight=47.7303 45.1275 42.365 40.7906 38.9602 13.0034 5.50861 7.49483 25.9568 23.0449 1.83036 2.76244
internal_count=302 282 272 267 259 77 15 62 182 169 8 10
is_linear=0
shrinkage=0.0304053


Tree=119
num_leaves=10
num_cat=0
split_feature=39 168 198 382 61 103 103 33 321
split_gain=1.2773 0.610014 0.463131 0.700873 0.586409 1.42912 0.681806 0.611967 0.531138
threshold=1.0000000180025095e-35 1.0000000180025095e-35 1.0000000180025095e-35 1.0000000180025095e-35 1.0000000180025095e-35 1.0000000180025095e-35 1.0000000180025095e-35 1.0000000180025095e-35 1.0000000180025095e-35
decision_type=2 2 2 2 2 2 2 2 2
left_child=1 2 3 4 6 -6 7 -1 -5
right_child=-2 -3 -4 8 5 -7 -8 -9 -10
leaf_value=0.00087629363990349813 0.024448236978147454 0.017215973565696121 0.016556081832978995 -0.024585743907043701 -0.034052181903245944 0 -0.0091134596450446453 0.012621983240684411 0
leaf_weight=26.519644938409328 2.5454863309860221 2.1744781732559195 1.5602408796548832 1.8715437389910214 1.50171810761094 1.0550031214952469 3.7379095144569865 6.2140427008271208 0.31271693110465992
leaf_count=180 20 11 5 28 14 3 17 22 2
internal_value=0.00298742 0.00134823 9.66035e-05 -6.67557e-05 0.000402798 -0.0128577 0.00185387 0.00368697 -0.0171313
internal_weight=47.4928 44.9473 42.7728 41.2126 39.0283 2.55672 36.4716 32.7337 2.18426
internal_count=302 282 271 266 236 17 219 202 30
is_linear=0
shrinkage=0.0304053


Tree=120
num_leaves=10
num_cat=0
split_feature=39 97 19 321 356 37 9 62 90
split_gain=1.22868 0.605639 0.436607 0.465978 0.670717 1.61386 0.296673 1.09015 0.152571
threshold=1.0000000180025095e-35 1.0000000180025095e-35 1.0000000180025095e-35 1.0000000180025095e-35 1.0000000180025095e-35 1.0000000180025095e-35 1.0000000180025095e-35 1.0000000180025095e-35 1.0000000180025095e-35
decision_type=2 2 2 2 2 2 2 2 2
left_child=1 2 3 4 5 -1 7 -6 -8
right_child=-2 -3 -4 -5 6 -7 8 -9 -10
leaf_value=-0.026842446903810803 0.02424431594459444 0.021569106020396009 0.016198718988247832 0.014613946046774302 0 0 0.00070031951523714519 -0.023894033911994284 0.011278669155467254
leaf_weight=2.9826192231848827 2.4897285848855963 1.3649874478578556 1.5464466661214817 1.8214029986411322 14.587856210768223 4.155146699398756 13.7523629963398 1.8697497621178634 2.7477357387542716
leaf_count=97 20 5 5 8 67 25 43 24 8
internal_value=0.002937 0.00132868 0.000254882 0 -0.00101424 -0.00960613 0.000270984 -0.00192713 0.00361415
internal_weight=47.318 44.8283 43.4633 41.9169 40.0955 7.13777 32.9577 16.4576 16.5001
internal_count=302 282 277 272 264 122 142 91 51
is_linear=0
shrinkage=0.0304053


Tree=121
num_leaves=11
num_cat=0
split_feature=39 436 19 61 157 157 31 226 167 9
split_gain=1.17769 0.541759 0.412811 0.497864 1.50221 0.978343 0.93265 1.75645 0.488663 0.493936
threshold=1.0000000180025095e-35 1.0000000180025095e-35 1.0000000180025095e-35 1.0000000180025095e-35 1.0000000180025095e-35 1.0000000180025095e-35 1.0000000180025095e-35 1.0000000180025095e-35 1.0000000180025095e-35 1.0000000180025095e-35
decision_type=2 2 2 2 2 2 2 2 2 2
left_child=1 2 3 5 -5 8 7 -7 9 -1
right_child=-2 -3 -4 4 -6 6 -8 -9 -10 -11
leaf_value=0 0.024038850778355721 0.020941708209279694 0.015846409048089368 -0.033495146695452567 0.0015330376766781485 -0.047321059638071254 0 0 -0.017223060693689455 0.0085443939558452128
leaf_weight=21.863183000124991 2.4355166405439368 1.3119068145751942 1.5330286920070637 1.6314216814935201 0.98743797838687886 1.4067693036049596 1.004266291856766 1.5493456311523914 0.79667703062295814 12.590558044612406
leaf_count=183 20 5 5 16 2 10 5 7 5 44
internal_value=0.00291279 0.00133469 0.00030237 0 -0.013055 0.000586567 -0.0130014 -0.0227559 0.0026527 0.00366469
internal_weight=47.1101 44.6746 43.3627 41.8297 2.61886 39.2108 3.96038 2.95611 35.2504 34.4537
internal_count=302 282 277 272 18 254 22 17 232 227
is_linear=0
shrinkage=0.0304053


Tree=122
num_leaves=11
num_cat=0
split_feature=39 35 168 19 382 9 324 189 61 2
split_gain=1.13159 0.683591 0.653956 0.496827 0.535925 0.503376 0.408407 2.80115 0.335646 0.0493922
threshold=1.0000000180025095e-35 1.0000000180025095e-35 1.0000000180025095e-35 1.0000000180025095e-35 1.0000000180025095e-35 1.0000000180025095e-35 1.0000000180025095e-35 1.0000000180025095e-35 1.0000000180025095e-35 1.0000000180025095e-35
decision_type=2 2 2 2 2 2 2 2 2 2
left_child=1 2 3 4 6 -6 7 -1 -8 -3
right_child=-2 9 -4 -5 5 -7 8 -9 -10 -11
leaf_value=-0.0339256464142818 0.023831819820551631 0.021821827108347298 0.016813214509644531 0.015499166577124293 -0.024168687198693199 0 0.0035611983696910285 0.00010966265500466988 -0.0073936652155943616 0
leaf_weight=2.5212587323039743 2.3828116059303275 1.5835509449243537 2.0987215042114249 1.5199788212776173 1.8172155208885663 0.31126989424228657 20.402475432492796 11.049086656421423 2.1143430508673182 1.1414199694991112
leaf_count=30 20 6 11 5 28 2 139 43 14 4
internal_value=0.00286867 0.00132019 0 -0.000515732 -0.0016506 -0.0167462 -0.000232905 -0.0048199 0.00168851 0.0161299
internal_weight=46.9421 44.5593 41.8343 39.7356 38.2156 2.12849 36.0872 13.5703 22.5168 2.72497
internal_count=302 282 272 261 256 30 226 73 153 10
is_linear=0
shrinkage=0.0304053


Tree=123
num_leaves=13
num_cat=0
split_feature=62 9 2 107 324 61 224 203 107 226 9 203
split_gain=0.678666 1.23892 0.73356 0.596187 0.914035 0.41259 0.322767 0.18361 0.162802 0.328766 0.118062 0.0150031
threshold=1.0000000180025095e-35 1.0000000180025095e-35 1.0000000180025095e-35 1.0000000180025095e-35 1.0000000180025095e-35 1.0000000180025095e-35 1.0000000180025095e-35 1.0000000180025095e-35 1.0000000180025095e-35 1.0000000180025095e-35 1.0000000180025095e-35 1.0000000180025095e-35
decision_type=2 2 2 2 2 2 2 2 2 2 2 2
left_child=2 -2 3 4 -1 -5 10 -6 9 -3 11 -4
right_child=1 8 6 5 7 -7 -8 -9 -10 -11 -12 -13
leaf_value=0.00045298787580409268 -0.024520474469101234 -0.0090679987204720387 0 0.00080955866011613899 0.017401828752044643 -0.02770699162714392 -0.017208580553289578 0 0.0066791541826363701 0.0068899402614673042 0.0062052235785801128 -0.0045739177551927081
leaf_weight=8.5219091000035441 2.0754331061616522 3.1486942209303379 8.9191076140850711 3.652450085617601 10.366210244596003 0.49117486178874958 0.99338232725858766 0.68545640446245748 3.3291660994291306 0.98156830668449391 2.9218082726001748 0.66041508689522821
leaf_count=54 34 13 40 24 92 2 8 6 8 2 9 10
internal_value=0.00282932 -0.0033033 0.00491111 0.00815055 0.0104234 0 0 0.0163918 6.14012e-05 -0.000678607 0.000525764 0
internal_weight=46.7468 9.53486 37.2119 23.7172 19.5736 4.14362 13.4947 11.0517 7.45943 4.13026 12.5013 9.57952
internal_count=302 57 245 178 152 26 67 98 23 15 59 50
is_linear=0
shrinkage=0.0304053


Tree=124
num_leaves=15
num_cat=0
split_feature=62 188 107 17 31 187 33 190 324 356 324 4 107 17
split_gain=0.636641 0.991948 1.07985 0.7638 1.22537 1.47243 0.536482 0.427257 1.19654 0.382991 0.3088 0.30838 0.169869 0.105457
threshold=1.0000000180025095e-35 1.0000000180025095e-35 1.0000000180025095e-35 1.0000000180025095e-35 1.0000000180025095e-35 1.0000000180025095e-35 1.0000000180025095e-35 1.0000000180025095e-35 1.0000000180025095e-35 1.0000000180025095e-35 1.0000000180025095e-35 1.0000000180025095e-35 1.0000000180025095e-35 1.0000000180025095e-35
decision_type=2 2 2 2 2 2 2 2 2 2 2 2 2 2
left_child=1 2 3 4 5 10 -4 8 -5 -3 -1 -11 13 -2
right_child=12 9 6 7 -6 -7 -8 -9 -10 11 -12 -13 -14 -15
leaf_value=-0.033581977957377482 0 0 -0.020528700423028467 0.0030484576859246986 0.0069625968521977609 0.0098895228196738127 0 0 0.029801349039178041 0.022521701966870224 -0.005090438148146601 0 0 -0.012013768860329021
leaf_weight=1.8913992326706672 2.727946447208522 1.1814442425966252 2.6127353664487596 7.8761961571872217 8.9453200325369835 1.311721935868263 0.59590788185596455 0.87210169434547502 2.9355483204126358 4.5735500156879425 3.1354094464331865 1.2347558140754697 4.3407788909971714 2.4175071064382792
leaf_count=20 20 5 28 30 44 5 3 5 9 23 70 3 23 14
internal_value=0.00275588 0.0047769 0.00166054 0.00419811 0 -0.0104996 -0.0137395 0.0100546 0.0120737 0.0155095 -0.0195983 0.0187186 -0.00316009 -0.00699368
internal_weight=46.6523 37.1661 30.1763 26.9677 15.2839 6.33853 3.20864 11.6838 10.8117 6.98975 5.02681 5.80831 9.48623 5.14545
internal_count=302 245 214 183 139 95 31 44 39 31 90 26 57 34
is_linear=0
shrinkage=0.0304053


Tree=125
num_leaves=9
num_cat=0
split_feature=39 35 168 203 187 321 19 2
split_gain=1.08819 0.660802 0.585512 0.545432 0.454445 0.530541 0.5793 0.0479842
threshold=1.0000000180025095e-35 1.0000000180025095e-35 1.0000000180025095e-35 1.0000000180025095e-35 1.0000000180025095e-35 1.0000000180025095e-35 1.0000000180025095e-35 1.0000000180025095e-35
decision_type=2 2 2 2 2 2 2 2
left_child=1 2 3 4 5 6 -1 -3
right_child=-2 7 -4 -5 -6 -7 -8 -9
leaf_value=-0.0031882161525152043 0.023541696078726051 0.021463734830893744 0.016093504528898472 -0.019950462270328938 0.017534282054668164 0.014484429289879494 0.014689664663745208 0
leaf_weight=33.542627115733922 2.3090426102280608 1.5491775274276725 2.0315811336040488 1.3006075713783491 1.3244256451725949 1.7967974897474039 1.4789321571588505 1.1355124488472939
leaf_count=224 20 6 11 19 5 8 5 4
internal_value=0.00268382 0.00116187 0 -0.000605232 0 -0.000574208 -0.00189001 0.0157961
internal_weight=46.4687 44.1597 41.475 39.4434 38.1428 36.8184 35.0216 2.68469
internal_count=302 282 272 261 242 237 229 10
is_linear=0
shrinkage=0.0304053


Tree=126
num_leaves=16
num_cat=0
split_feature=62 9 188 107 246 35 17 31 97 61 61 107 17 332 103
split_gain=0.587986 1.19626 0.93971 1.01553 1.04321 0.863888 0.725643 1.1558 1.92295 0.53627 0.46163 0.155621 0.148229 0.0176578 0.00175694
threshold=1.0000000180025095e-35 1.0000000180025095e-35 1.0000000180025095e-35 1.0000000180025095e-35 1.0000000180025095e-35 1.0000000180025095e-35 1.0000000180025095e-35 1.0000000180025095e-35 1.0000000180025095e-35 1.0000000180025095e-35 1.0000000180025095e-35 1.0000000180025095e-35 1.0000000180025095e-35 1.0000000180025095e-35 1.0000000180025095e-35
decision_type=2 2 2 2 2 2 2 2 2 2 2 2 2 2 2
left_child=2 -2 3 6 5 -5 7 8 -1 -4 -9 12 -3 -8 -11
right_child=1 11 9 4 -6 -7 13 10 -10 14 -12 -13 -14 -15 -16
leaf_value=-0.020047757809958832 -0.024207747912285596 0 0.021777007181148181 -0.03357921130571058 0 0 0.010365223306157786 0.0098668383120966863 0.018219687392354945 0 -0.0053334684639877884 0.0065815159786569337 -0.0081128262439691973 0 0.0012818470796659284
leaf_weight=5.1754351947456625 2.0269577009603363 2.0472411587834358 4.3782650902867308 2.0696352124214172 0.81211028993129719 0.27934932708740223 10.474986210465429 8.3096854723989946 1.097542807459831 1.5216346532106402 0.61240516602993089 3.3249352872371674 2.0829952247440815 1.1175409257411963 0.98594282567501057
leaf_count=91 34 7 23 25 5 1 40 39 4 6 5 8 8 4 2
internal_value=0.00265498 -0.00297433 0.00461974 0.00156265 -0.0134635 -0.0255732 0.00404581 0 -0.0103215 0.0151535 0.0066944 0.000258691 -0.000237211 0.00978136 0
internal_weight=46.3167 9.48213 36.8345 29.9487 3.16109 2.34898 26.7876 15.1951 6.27298 6.88584 8.92209 7.45517 4.13024 11.5925 2.50758
internal_count=302 57 245 214 31 26 183 139 95 31 44 23 15 44 8
is_linear=0
shrinkage=0.0304053


Tree=127
num_leaves=11
num_cat=0
split_feature=39 97 321 19 166 170 31 170 62 189
split_gain=1.02588 0.48791 0.375799 0.365835 0.522225 2.03931 2.71789 0.640633 0.613855 0.481738
threshold=1.0000000180025095e-35 1.0000000180025095e-35 1.0000000180025095e-35 1.0000000180025095e-35 1.0000000180025095e-35 1.0000000180025095e-35 1.0000000180025095e-35 1.0000000180025095e-35 1.0000000180025095e-35 1.0000000180025095e-35
decision_type=2 2 2 2 2 2 2 2 2 2
left_child=1 2 3 4 5 6 -1 8 -6 -7
right_child=-2 -3 -4 -5 7 9 -8 -9 -10 -11
leaf_value=-0.030298153257211427 0.023226924035341639 0.019985088186936131 0.013959479862497595 0.014218849177668644 0.012878329018867148 -0.006868704801295423 0 -0.02049377809317926 0 0.0050660084318625018
leaf_weight=5.2016799049451947 2.2348107025027266 1.2644353508949269 1.7832625173032273 1.4619965404272068 5.843398435041304 3.2670736555010071 3.6691737063229084 0.72299028933048326 8.0758659616112709 12.545424891635776
leaf_count=112 20 5 8 5 19 28 22 4 29 50
internal_value=0.00261151 0.001126 0.000118616 -2.17943e-05 -0.00103498 -0.00407724 -0.0159759 0.00279663 0.00537401 0.00139864
internal_weight=46.0701 43.8353 42.5709 40.7876 39.3256 24.6834 8.87085 14.6423 13.9193 15.8125
internal_count=302 282 277 269 264 212 134 52 48 78
is_linear=0
shrinkage=0.0304053


Tree=128
num_leaves=12
num_cat=0
split_feature=39 35 168 203 90 166 214 107 166 9 329
split_gain=0.983969 0.609716 0.540991 0.493696 0.508081 2.4348 2.33214 0.826269 0.787602 0.299775 0.0520052
threshold=1.0000000180025095e-35 1.0000000180025095e-35 1.0000000180025095e-35 1.0000000180025095e-35 1.0000000180025095e-35 1.0000000180025095e-35 1.0000000180025095e-35 1.0000000180025095e-35 1.0000000180025095e-35 1.0000000180025095e-35 1.0000000180025095e-35
decision_type=2 2 2 2 2 2 2 2 2 2 2
left_child=1 2 3 4 5 6 -1 8 -6 -7 -3
right_child=-2 10 -4 -5 7 9 -8 -9 -10 -11 -12
leaf_value=-0.026465677185633089 0.023013188946993519 0.02101383835634411 0.015700645434386887 -0.019318288995166032 0.0091163918171087207 -0.00045178497406430648 0.0046405475160273772 -0.018770926379431389 -0.018085079559301775 0.0066653937363786164 0
leaf_weight=6.2142246505245566 2.187733829021453 1.5066820383071891 1.9737573117017735 1.2551238732412446 14.707125570625065 2.4380205385386935 2.0394485890865326 0.95267621427774507 0.62893663346767503 10.829867020249367 1.1229047551751137
leaf_count=118 20 6 11 19 59 17 9 8 3 28 4
internal_value=0.0025791 0.00111925 0 -0.000575793 0 -0.00301826 -0.0164803 0.0040983 0.00675993 0.00392672 0.0153275
internal_weight=45.8565 43.6688 41.0392 39.0654 37.8103 21.5216 8.25367 16.2887 15.3361 13.2679 2.62959
internal_count=302 282 272 261 242 172 127 70 62 45 10
is_linear=0
shrinkage=0.0304053


Tree=129
num_leaves=16
num_cat=0
split_feature=39 35 97 9 99 321 104 111 214 166 170 188 89 99 2
split_gain=0.947567 0.588773 0.514549 0.453239 0.731753 0.82566 0.77672 0.418943 0.400376 0.355507 1.06679 1.24311 0.427792 0.199176 0.0459453
threshold=1.0000000180025095e-35 1.0000000180025095e-35 1.0000000180025095e-35 1.0000000180025095e-35 1.0000000180025095e-35 1.0000000180025095e-35 1.0000000180025095e-35 1.0000000180025095e-35 1.0000000180025095e-35 1.0000000180025095e-35 1.0000000180025095e-35 1.0000000180025095e-35 1.0000000180025095e-35 1.0000000180025095e-35 1.0000000180025095e-35
decision_type=2 2 2 2 2 2 2 2 2 2 2 2 2 2 2
left_child=1 2 3 4 5 8 -6 -7 -1 10 11 -5 13 -11 -3
right_child=-2 14 -4 9 6 7 -8 -9 -10 12 -12 -13 -14 -15 -16
leaf_value=-0.010750496714563927 0.022797852199246006 0.020730793666424791 0.019481256424052126 -0.025244310818239534 -0.0024833336322872207 0 0.019042820986562632 0.02664326076815016 0 0.012417651958607201 0.010246516987297899 0.0050316431697105604 0 0 0
leaf_weight=15.61114727053792 2.1419796720147124 1.481244519352912 1.2329390943050373 2.8887642882764353 1.1711931265890592 0.76112478971481212 2.3915469199419022 0.7487291693687439 1.9233619645237929 6.6973238289356232 2.6478277742862701 0.69445298612117756 2.9895287305116653 1.1188059747219083 1.1229047551751137
leaf_count=174 20 6 5 21 10 6 5 1 10 17 8 4 8 3 4
internal_value=0.002519 0.00108199 0 -0.00041392 -0.00363014 -0.00654972 0.00664331 0.00982565 -0.00904387 0.00273928 -0.000696924 -0.0140812 0.00647748 0.0104203 0.0151109
internal_weight=45.6229 43.4809 40.8767 39.6438 22.6071 19.0444 3.56274 1.50985 17.5345 17.0367 6.23105 3.58322 10.8057 7.81613 2.60415
internal_count=302 282 272 267 206 191 15 7 184 61 33 25 28 20 10
is_linear=0
shrinkage=0.0304053


Tree=130
num_leaves=13
num_cat=0
split_feature=39 168 90 99 47 324 185 111 17 167 111 189
split_gain=0.905807 0.434415 0.271178 1.1533 0.766422 1.98046 0.345232 0.309026 0.055215 0.0484814 0.0529279 0.00874842
threshold=1.0000000180025095e-35 1.0000000180025095e-35 1.0000000180025095e-35 1.0000000180025095e-35 1.0000000180025095e-35 1.0000000180025095e-35 1.0000000180025095e-35 1.0000000180025095e-35 1.0000000180025095e-35 1.0000000180025095e-35 1.0000000180025095e-35 1.0000000180025095e-35
decision_type=2 2 2 2 2 2 2 2 2 2 2 2
left_child=1 2 4 7 5 6 -1 8 -4 10 -7 -6
right_child=-2 -3 3 -5 11 9 -8 -9 -10 -11 -12 -13
leaf_value=-0.028424241821919289 0.022580917917294954 0.015316727148320972 -0.0001324653116411028 0.016150527181070674 0.01702108258446387 -0.0019379568288085162 0 0.014829791629642493 -0.010963132890526464 0.0075933951775259906 0.0004436839679688553 0
leaf_weight=3.1487427949905462 2.0975137129425994 1.9301490932703007 11.475736510008572 4.7811443731188765 1.3426259085535994 13.462884067557757 0.46953053772449482 0.90324428677558977 1.1402196660637862 0.73714761435985465 2.6767791248857966 1.2055086195468903
leaf_count=35 20 11 63 13 5 121 5 2 7 3 13 4
internal_value=0.00250726 0.00109417 0 0.00314994 -0.00173153 -0.00439538 -0.0247997 -4.55556e-05 -0.00261833 0 -0.000366507 0.012232
internal_weight=45.3712 43.2737 41.3436 18.3003 23.0432 20.4951 3.61827 13.5192 12.616 16.8768 16.1397 2.54813
internal_count=302 282 271 85 186 177 40 72 70 137 134 9
is_linear=0
shrinkage=0.0304053


Tree=131
num_leaves=13
num_cat=0
split_feature=39 35 97 321 324 90 17 371 356 2 2 2
split_gain=0.868825 0.567948 0.480428 0.400723 0.775913 2.53215 1.55389 0.711192 0.909216 0.793131 0.323849 0.0408501
threshold=1.0000000180025095e-35 1.0000000180025095e-35 1.0000000180025095e-35 1.0000000180025095e-35 1.0000000180025095e-35 1.0000000180025095e-35 1.0000000180025095e-35 1.0000000180025095e-35 1.0000000180025095e-35 1.0000000180025095e-35 1.0000000180025095e-35 1.0000000180025095e-35
decision_type=2 2 2 2 2 2 2 2 2 2 2 2
left_child=1 2 3 4 5 -1 -7 8 -6 -9 -5 -3
right_child=-2 11 -4 10 7 6 -8 9 -10 -11 -12 -13
leaf_value=-0.028537521754415266 0.022362392633894848 0.020496469253287797 0.019053333598357966 0 -0.021693795790237867 -0.010916200103045311 0.014001274414909415 0.030808509807750298 0.00076157658829126024 0 0.023369167216742502 0
leaf_weight=3.8252626108005616 2.0543023571372023 1.4575844705104819 1.205478087067603 0.68393725156783935 1.7617264408618272 4.8369177803397179 4.3836526572704315 1.4887305982410899 19.344858748838305 1.9847450740635395 1.0788787379860878 1.1230162233114243
leaf_count=39 20 6 5 5 71 29 10 7 88 15 3 4
internal_value=0.00247009 0.0010825 0 -0.000376728 -0.00150162 -0.00771382 0 0.00102344 -0.000215514 0.0140097 0.0128434 0.0149281
internal_weight=45.2291 43.1748 40.5942 39.3887 37.6259 13.0458 9.22057 24.5801 21.1066 3.47348 1.76282 2.5806
internal_count=302 282 272 267 259 78 39 181 159 22 8 10
is_linear=0
shrinkage=0.0304053


Tree=132
num_leaves=9
num_cat=0
split_feature=39 97 203 185 34 382 48 324
split_gain=0.831018 0.398555 0.360434 0.417415 0.335738 0.500793 0.511081 0.383654
threshold=1.0000000180025095e-35 1.0000000180025095e-35 1.0000000180025095e-35 1.0000000180025095e-35 1.0000000180025095e-35 1.0000000180025095e-35 1.0000000180025095e-35 1.0000000180025095e-35
decision_type=2 2 2 2 2 2 2 2
left_child=1 2 4 -4 5 6 7 -1
right_child=-2 -3 3 -5 -6 -7 -8 -9
leaf_value=-0.0028992129551680731 0.022142290565284512 0.018747923279937819 -0.021711514507295717 0 0.017380882735618459 -0.018054967645530651 0.023631272432717204 0.0032531909386914813
leaf_weight=15.351376973092554 2.0123125463724127 1.1881754398345936 1.4119276693090785 0.26698651909828175 1.197036176919936 1.2360827829688776 0.94949279725551505 21.414287261664867
leaf_count=80 20 5 20 1 5 24 2 145
internal_value=0.00245034 0.00108641 0.000129586 -0.0129247 0.00114926 0.000161806 0.00126352 0.000167762
internal_weight=45.0277 43.0154 41.8272 1.67891 40.1483 38.9512 37.7152 36.7657
internal_count=302 282 277 21 256 251 227 225
is_linear=0
shrinkage=0.0304053


Tree=133
num_leaves=14
num_cat=0
split_feature=39 168 107 89 33 62 62 17 444 2 111 190 31
split_gain=0.798313 0.387132 0.397255 3.24037 1.10736 0.85731 0.621811 0.516731 1.07801 1.11597 0.419935 0.383955 0.369797
threshold=1.0000000180025095e-35 1.0000000180025095e-35 1.0000000180025095e-35 1.0000000180025095e-35 1.0000000180025095e-35 1.0000000180025095e-35 1.0000000180025095e-35 1.0000000180025095e-35 1.0000000180025095e-35 1.0000000180025095e-35 1.0000000180025095e-35 1.0000000180025095e-35 1.0000000180025095e-35
decision_type=2 2 2 2 2 2 2 2 2 2 2 2 2
left_child=1 2 6 4 5 -4 7 8 10 -10 -1 -9 -8
right_child=-2 -3 3 -5 -6 -7 12 11 9 -11 -12 -13 -14
leaf_value=-0.0097195605423869933 0.021920627065498993 0.014758400562814057 -0.025385040454300591 -0.059083043479443272 0.014990019080788914 0 0 0.010991453771360914 0.018283367472714258 -0.001397678082420349 0.0006189425520194134 0 -0.026533391967479759
leaf_weight=7.9988737683743256 1.9715120159089554 1.8627155274152745 1.739357624202966 0.92716747522354115 3.0851082354784012 2.1277093403041363 4.2499649664387098 10.775568503886461 4.9495791643857947 2.4362152218818665 1.1567001119256017 0.83807069063186723 0.79946852847933758
leaf_count=104 20 11 24 4 14 11 27 35 18 16 6 5 7
internal_value=0.00240086 0.00106136 0 -0.00563042 0 -0.0092337 0.00188016 0.00408321 0 0.009223 -0.00633999 0.00902987 -0.0066406
internal_weight=44.918 42.9465 41.0838 7.87934 6.95218 3.86707 33.2044 28.155 16.5414 7.38579 9.15557 11.6136 5.04943
internal_count=302 282 271 53 49 35 218 184 144 34 110 40 34
is_linear=0
shrinkage=0.0304053


Tree=134
num_leaves=13
num_cat=0
split_feature=39 35 267 166 62 107 41 103 4 371 103 2
split_gain=0.770376 0.556262 0.330495 1.61253 1.16443 0.506244 1.10251 0.500263 0.428857 0.186714 0.137284 0.0221039
threshold=1.0000000180025095e-35 1.0000000180025095e-35 1.0000000180025095e-35 1.0000000180025095e-35 1.0000000180025095e-35 1.0000000180025095e-35 1.0000000180025095e-35 1.0000000180025095e-35 1.0000000180025095e-35 1.0000000180025095e-35 1.0000000180025095e-35 1.0000000180025095e-35
decision_type=2 2 2 2 2 2 2 2 2 2 2 2
left_child=1 2 3 5 8 7 -7 9 -4 -1 -6 -3
right_child=-2 11 4 -5 10 6 -8 -9 -10 -11 -12 -13
leaf_value=0 0.021697422373941962 0.020127333711593927 0.021795185984178823 -0.03189244649112033 0 -0.026460139975968053 0.0025801704474833938 -0.017667587225724996 0 0.0077812549818522649 -0.0078357780972800415 0
leaf_weight=15.06737403944136 1.9318692982196797 1.4242990314960471 3.5451330356299851 1.5504584740847338 6.4995362125337124 2.0415472611784931 0.64179161190986622 0.92726695258170266 1.3224528804421423 6.5487825367599717 2.1356171071529388 1.1336652040481567
leaf_count=131 20 6 11 10 26 31 4 10 4 35 10 4
internal_value=0.00232413 0.00100592 0 -0.00182172 0.00400535 0 -0.0124482 0.00151598 0.0162675 0.00321932 -0.000710982 0.014757
internal_weight=44.7698 42.8379 40.28 26.7772 13.5027 25.2268 2.68334 22.5434 4.86759 21.6162 8.63515 2.55796
internal_count=302 282 272 221 51 211 35 176 15 166 36 10
is_linear=0
shrinkage=0.0304053


Tree=135
num_leaves=14
num_cat=0
split_feature=97 34 382 189 188 89 224 166 224 90 90 214 90
split_gain=0.432527 0.423535 0.712607 0.322381 1.57511 0.935632 0.846104 1.40064 0.657582 0.453858 0.141174 0.0811297 0.0625361
threshold=1.0000000180025095e-35 1.0000000180025095e-35 1.0000000180025095e-35 1.0000000180025095e-35 1.0000000180025095e-35 1.0000000180025095e-35 1.0000000180025095e-35 1.0000000180025095e-35 1.0000000180025095e-35 1.0000000180025095e-35 1.0000000180025095e-35 1.0000000180025095e-35 1.0000000180025095e-35
decision_type=2 2 2 2 2 2 2 2 2 2 2 2 2
left_child=1 2 3 4 6 10 7 -1 9 -5 -6 -8 -3
right_child=-2 12 -4 8 5 -7 11 -9 -10 -11 -12 -13 -14
leaf_value=-0.024461478144738664 0.020274898817095096 0.019102606031797194 -0.020396157666692855 0 0.012380763292361034 -0.0091451365787842947 0 0 -0.016111002554614531 0.0096201713731788856 0 0.011022388928224275 0
leaf_weight=5.1397311827167869 1.3660844340920437 1.4210978448390954 1.4110748535022128 4.176401942968373 8.5239468961954081 1.7657904401421554 1.6167615912854674 2.843114897608757 0.83486674726009269 12.710041165351868 1.5676558613777167 0.6147741675376891 0.64321081340312947
leaf_count=111 8 10 27 23 31 7 9 11 6 47 7 1 4
internal_value=0.00228779 0.00127985 0.000133446 0.0013399 -0.00037469 0.00622362 -0.00989271 -0.0149389 0.00454662 0.00669465 0.0107958 0 0.0149459
internal_weight=44.6346 43.2685 41.2042 39.7931 22.0718 11.8574 10.2144 7.98285 17.7213 16.8864 10.0916 2.23154 2.06431
internal_count=302 294 280 253 177 45 132 122 76 70 38 10 14
is_linear=0
shrinkage=0.0304053


Tree=136
num_leaves=14
num_cat=0
split_feature=39 168 107 166 62 324 441 190 31 17 17 2 62
split_gain=0.736517 0.36915 0.344667 0.92038 0.580406 1.16522 1.00986 0.721471 0.42334 2.37539 0.328542 0.0654954 0.000143307
threshold=1.0000000180025095e-35 1.0000000180025095e-35 1.0000000180025095e-35 1.0000000180025095e-35 1.0000000180025095e-35 1.0000000180025095e-35 1.0000000180025095e-35 1.0000000180025095e-35 1.0000000180025095e-35 1.0000000180025095e-35 1.0000000180025095e-35 1.0000000180025095e-35 1.0000000180025095e-35
decision_type=2 2 2 2 2 2 2 2 2 2 2 2 2
left_child=1 2 4 -4 5 8 10 11 9 -1 -6 -7 -5
right_child=-2 -3 3 12 6 7 -8 -9 -10 -11 -12 -13 -14
leaf_value=-0.033457800824698861 0.021413008828590211 0.014386895489528014 -0.020729971231129084 0 0.014179969129769224 0.015631752973529311 -0.019374193800628308 -0.0048394192668693098 0.0031908157004600043 0.00099605230009379669 0 0 0.00018684407724624488
leaf_weight=2.2265911903232336 1.8822070695459832 1.8237793296575535 2.5037370352074495 1.4787463694810865 1.6074981912970536 9.0084778405725938 3.0107495235279202 0.58378314971923906 8.5333725325763226 5.8761158622801304 0.4008380165323614 1.7194354347884662 3.7924099564552307
leaf_count=23 20 11 36 4 8 88 21 4 39 21 5 9 13
internal_value=0.00222499 0.000929149 0 -0.00539252 0.00167479 0.00383732 -0.00658095 0.0114682 -0.000210947 -0.00613636 0.00315427 0.0141264 0
internal_weight=44.4477 42.5655 40.7418 7.77489 32.9669 27.9478 5.01909 11.3117 16.6361 8.10271 2.00834 10.7279 5.27116
internal_count=302 282 271 53 218 184 34 101 83 44 13 97 17
is_linear=0
shrinkage=0.0304053


Tree=137
num_leaves=15
num_cat=0
split_feature=35 34 90 166 187 41 166 441 441 1 33 224 157 329
split_gain=0.391667 0.507795 0.278866 2.08969 1.61788 2.12867 0.569197 0.362228 0.271642 0.24604 0.228351 0.160102 0.0829824 0.0298134
threshold=1.0000000180025095e-35 1.0000000180025095e-35 1.0000000180025095e-35 1.0000000180025095e-35 1.0000000180025095e-35 1.0000000180025095e-35 1.0000000180025095e-35 1.0000000180025095e-35 1.0000000180025095e-35 1.0000000180025095e-35 1.0000000180025095e-35 1.0000000180025095e-35 1.0000000180025095e-35 1.0000000180025095e-35
decision_type=2 2 2 2 2 2 2 2 2 2 2 2 2 2
left_child=1 2 3 4 5 9 7 11 -5 -1 -7 -4 -9 -2
right_child=13 -3 6 8 -6 10 -8 12 -10 -11 -12 -13 -14 -15
leaf_value=-0.031367201494032576 0.019937533249603834 0.015466159594999104 0.0088921729621060566 0.014829358960825399 0.0081038662833564958 0 -0.018555529485996106 -0.006135305176189188 0.00067063547964517692 0 0.015583053897939675 0 0 0
leaf_weight=5.4209792530164123 1.4068066924810401 2.1270357370376578 11.816448170691732 2.4113349802792063 1.3904224112629888 0.90373849496245362 0.70274265110492606 2.035470817238092 11.222685158252716 0.63540383428335179 0.86682412028312683 1.4434359967708594 0.78303807973861683 1.1228545233607292
leaf_count=120 6 16 48 6 8 8 4 20 44 6 2 7 3 4
internal_value=0.00218026 0.000978167 0 -0.00197917 -0.0137243 -0.0200289 0.00316649 0.00529964 0.0045697 -0.0290375 7.33049e-05 0.00770096 0 0.0145037
internal_weight=44.2892 41.7596 39.6325 22.8514 9.21737 7.82695 16.7811 16.0784 13.634 6.05638 1.77056 13.2599 2.81851 2.52966
internal_count=302 292 276 194 144 136 82 78 50 126 10 55 23 10
is_linear=0
shrinkage=0.0304053


Tree=138
num_leaves=14
num_cat=0
split_feature=62 441 166 226 107 267 61 97 33 198 321 249 17
split_gain=0.480322 0.877319 1.00946 0.83246 2.01449 0.74765 2.24085 0.47351 0.353003 0.40523 0.35405 0.218391 0.108139
threshold=1.0000000180025095e-35 1.0000000180025095e-35 1.0000000180025095e-35 1.0000000180025095e-35 1.0000000180025095e-35 1.0000000180025095e-35 1.0000000180025095e-35 1.0000000180025095e-35 1.0000000180025095e-35 1.0000000180025095e-35 1.0000000180025095e-35 1.0000000180025095e-35 1.0000000180025095e-35
decision_type=2 2 2 2 2 2 2 2 2 2 2 2 2
left_child=5 2 -2 4 -3 7 -7 8 9 10 11 -1 -10
right_child=1 3 -4 -5 -6 6 -8 -9 12 -11 -12 -13 -14
leaf_value=-0.0046421582591409808 -0.0088821454778352793 -0.040826955763818527 0.021751450330225536 0.0007177209008202549 0 0.032776155949402593 -0.0026300935435572183 0.019641809841853732 0 0.014098489087312783 0.010345462259144988 0.0030669201732297121 0.017803678306434159
leaf_weight=22.226811856031436 0.76194319874048089 2.013874483294785 2.1805100440979004 1.1619960293173788 3.0828663911670446 3.0223569571971884 1.7651113197207449 1.3199249394237984 1.6043483149260274 1.4095821678638447 1.2985926624387492 0.92504172027110954 1.3305420652031898
leaf_count=188 14 19 5 5 14 8 7 8 10 5 5 8 6
internal_value=0.00216203 -0.00292277 0.00736979 -0.0107957 -0.0171438 0.0040467 0.0157631 0.00155237 6.20415e-05 -0.00038688 -0.00199997 -0.00351367 0.0104794
internal_weight=44.1035 9.20119 2.94245 6.25874 5.09674 34.9023 4.78747 30.1148 28.7949 25.86 24.4504 23.1519 2.93489
internal_count=302 57 19 38 33 245 15 230 222 206 201 196 16
is_linear=0
shrinkage=0.0304053


Tree=139
num_leaves=13
num_cat=0
split_feature=39 35 168 321 324 90 33 17 441 33 189 111
split_gain=0.702435 0.525347 0.395603 0.367331 0.695355 2.26929 1.675 1.40227 1.00003 2.54066 0.547846 0.200821
threshold=1.0000000180025095e-35 1.0000000180025095e-35 1.0000000180025095e-35 1.0000000180025095e-35 1.0000000180025095e-35 1.0000000180025095e-35 1.0000000180025095e-35 1.0000000180025095e-35 1.0000000180025095e-35 1.0000000180025095e-35 1.0000000180025095e-35 1.0000000180025095e-35
decision_type=2 2 2 2 2 2 2 2 2 2 2 2
left_child=1 2 3 4 5 6 -1 -7 9 -6 -10 -5
right_child=-2 -3 -4 11 8 7 -8 -9 10 -11 -12 -13
leaf_value=-0.039252397187218527 0.021127540021889483 0.014344338115171339 0.013955274049634691 0 0 -0.010794448127449329 0 0.013063024142386552 -0.00043934142771886509 0.035277347909193679 -0.02698178398626545 0.024086525028102886
leaf_weight=2.8490290734916903 1.8345175459980954 2.5113427415490142 1.7929214686155308 0.98779526725411304 6.8078212263062596 4.7929571159183979 0.84273094683885563 4.319909006357193 13.051075018942354 2.4913976192474365 0.93548770807683546 0.73447644710540771
leaf_count=35 20 10 11 7 92 29 4 10 72 4 7 1
internal_value=0.00214495 0.000866005 0 -0.000651623 -0.00177487 -0.00763807 -0.0277511 0 0.000634289 0.00900879 -0.00357677 0.0118437
internal_weight=43.9515 42.1169 39.6056 37.8127 36.0904 12.8046 3.69176 9.11287 23.2858 9.29922 13.9866 1.72227
internal_count=302 282 272 261 253 78 39 39 175 96 79 8
is_linear=0
shrinkage=0.0304053


Tree=140
num_leaves=16
num_cat=0
split_feature=39 35 9 441 19 90 324 48 17 107 89 89 103 188 329
split_gain=0.67326 0.499511 0.365017 0.809976 0.935377 0.784587 1.23499 1.4465 0.992167 0.227332 3.65136 0.685433 0.698895 0.603039 0.0291833
threshold=1.0000000180025095e-35 1.0000000180025095e-35 1.0000000180025095e-35 1.0000000180025095e-35 1.0000000180025095e-35 1.0000000180025095e-35 1.0000000180025095e-35 1.0000000180025095e-35 1.0000000180025095e-35 1.0000000180025095e-35 1.0000000180025095e-35 1.0000000180025095e-35 1.0000000180025095e-35 1.0000000180025095e-35 1.0000000180025095e-35
decision_type=2 2 2 2 2 2 2 2 2 2 2 2 2 2 2
left_child=1 2 3 5 -5 8 7 -7 -1 11 -11 12 13 -4 -3
right_child=-2 14 9 4 -6 6 -8 -9 -10 10 -12 -13 -14 -15 -16
leaf_value=-0.025484355181138705 0.020898809247275767 0.019457349343850919 0 -0.015717468770111574 0.0062489034908303591 -0.0066517450586584016 0.018974446365227163 0.03671290318930566 0 0.00997722229916073 -0.056135849280771616 0.020899538517395514 -0.011884616380012692 0.016571940115300342 0
leaf_weight=2.0330015392974032 1.7987851351499546 1.3683318495750418 4.2419787943363207 6.9398007160052648 0.98593829572200764 6.6812925189733505 4.0717988330870867 0.77017551660537709 0.83692837040871371 4.0544496625661841 0.94047880172729481 2.3702535703778258 2.3483872022479773 3.1716829985380173 1.1147090867161751
leaf_count=75 20 6 20 70 3 33 18 1 7 13 4 7 11 10 4
internal_value=0.00210939 0.000849196 0 -0.00254588 -0.0105885 0.000564797 0.00531148 0 -0.0118706 0.00335467 0 0.00576239 0.000137697 0.0065094 0.0140695
internal_weight=43.728 41.9292 39.4462 22.3189 7.92574 14.3932 11.5233 7.45147 2.86993 17.1272 4.99493 12.1323 9.76205 7.41366 2.48304
internal_count=302 282 272 207 73 134 52 34 82 65 17 48 41 30 10
is_linear=0
shrinkage=0.0304053


Tree=141
num_leaves=9
num_cat=0
split_feature=39 35 97 203 198 48 9 329
split_gain=0.642487 0.479428 0.354226 0.585251 0.297264 0.254888 0.493327 0.0240898
threshold=1.0000000180025095e-35 1.0000000180025095e-35 1.0000000180025095e-35 1.0000000180025095e-35 1.0000000180025095e-35 1.0000000180025095e-35 1.0000000180025095e-35 1.0000000180025095e-35
decision_type=2 2 2 2 2 2 2 2
left_child=1 2 3 4 5 6 -1 -3
right_child=-2 7 -4 -5 -6 -7 -8 -9
leaf_value=-0.0049489228011341561 0.020668696120485785 0.019176537147813932 0.017058773713362573 -0.020456052571838811 0.013948999447512369 0.01287280906766718 0.001875103412010205 0
leaf_weight=18.553267656825483 1.7640739791095246 1.3465299159288397 1.0963181108236302 1.3088226430118073 1.3958348482847203 1.1094170659780491 15.839733630418776 1.1147090867161751
leaf_count=181 20 6 5 20 5 3 58 4
internal_value=0.00209663 0.000856274 0 -0.000448833 0 -0.000276867 -0.00125409 0.0138681
internal_weight=43.5287 41.7646 39.3034 38.2071 36.8983 35.5024 34.393 2.46124
internal_count=302 282 272 267 247 242 239 10
is_linear=0
shrinkage=0.0304053


Tree=142
num_leaves=10
num_cat=0
split_feature=39 35 97 203 34 90 324 99 2
split_gain=0.612641 0.459893 0.336499 0.560218 0.301224 0.295096 1.66034 1.2203 0.0191802
threshold=1.0000000180025095e-35 1.0000000180025095e-35 1.0000000180025095e-35 1.0000000180025095e-35 1.0000000180025095e-35 1.0000000180025095e-35 1.0000000180025095e-35 1.0000000180025095e-35 1.0000000180025095e-35
decision_type=2 2 2 2 2 2 2 2 2
left_child=1 2 3 4 5 6 -1 -7 -3
right_child=-2 8 -4 -5 -6 7 -8 -9 -10
leaf_value=-0.02126581796193152 0.020437243563180475 0.01889643481146399 0.016765342654083873 -0.0201472213630733 0.015813399066111695 -0.001348045239845235 4.4593910207025207e-06 0.016927424620147 0
leaf_weight=3.8122305702418116 1.7303565256297577 1.3253071904182425 1.0818578153848637 1.2888285936787713 1.1055946797132481 11.354396402835844 16.432008399628103 4.1555305868387213 1.1147090867161751
leaf_count=39 20 6 5 20 5 60 133 10 4
internal_value=0.00208504 0.000866051 0 -0.000405732 0 -0.000195345 -0.00306523 0.00232624 0.0136697
internal_weight=43.4008 41.6705 39.2304 38.1486 36.8598 35.7542 20.2442 15.5099 2.44002
internal_count=302 282 272 267 247 242 172 70 10
is_linear=0
shrinkage=0.0304053


Tree=143
num_leaves=13
num_cat=0
split_feature=103 61 19 157 4 382 324 167 2 61 293 190
split_gain=0.283375 0.508766 0.912792 0.551892 0.466202 0.386366 0.587515 0.567809 0.309852 0.227746 0.0294538 0.124219
threshold=1.0000000180025095e-35 1.0000000180025095e-35 1.0000000180025095e-35 1.0000000180025095e-35 1.0000000180025095e-35 1.0000000180025095e-35 1.0000000180025095e-35 1.0000000180025095e-35 1.0000000180025095e-35 1.0000000180025095e-35 1.0000000180025095e-35 1.0000000180025095e-35
decision_type=2 2 2 2 2 2 2 2 2 2 2 2
left_child=1 3 -3 4 5 6 -1 -8 -5 -2 11 -7
right_child=9 2 -4 8 -6 10 7 -9 -10 -11 -12 -13
leaf_value=0.0018798965872780533 -0.0080818355863102181 -0.024246582097458773 0.0054617275545403724 0 -0.0098687192485851557 -0.0093550651969079631 0.014208737362300184 0 -0.019655138045009176 0 0 0
leaf_weight=14.142997677437965 3.9447733014821997 1.6622754950076335 0.55418324470520008 3.071438954211771 0.68024278059601684 1.6207439759746187 14.434889734722672 0.64563026279211122 0.87515457719564427 1.0324092283844946 0.34227282553911198 0.24224855005741108
leaf_count=75 24 16 1 15 11 23 118 4 6 3 5 1
internal_value=0.00206177 0.00322693 -0.00826287 0.00446045 0.00604901 0.0069985 0.00805582 0.0125874 -0.00365073 -0.00308124 0 -0.00382046
internal_weight=43.2493 38.2721 2.21646 36.0556 32.109 31.4288 29.2235 15.0805 3.94659 4.97718 2.20527 1.86299
internal_count=302 275 17 258 237 226 197 122 21 27 29 24
is_linear=0
shrinkage=0.0304053


Tree=144
num_leaves=14
num_cat=0
split_feature=62 188 33 99 157 61 2 321 2 166 324 226 33
split_gain=0.465539 0.747947 0.876677 0.623638 1.30425 0.427943 0.412873 1.14646 0.276015 0.205985 0.0832285 0.039849 0.00218088
threshold=1.0000000180025095e-35 1.0000000180025095e-35 1.0000000180025095e-35 1.0000000180025095e-35 1.0000000180025095e-35 1.0000000180025095e-35 1.0000000180025095e-35 1.0000000180025095e-35 1.0000000180025095e-35 1.0000000180025095e-35 1.0000000180025095e-35 1.0000000180025095e-35 1.0000000180025095e-35
decision_type=2 2 2 2 2 2 2 2 2 2 2 2 2
left_child=1 2 3 4 6 -3 10 -8 -5 -2 -1 -11 -7
right_child=9 5 -4 8 -6 12 7 -9 -10 11 -12 -13 -14
leaf_value=0 -0.015824735289146324 0.020210525630281476 0.017677138660289228 0 -0.034149592919481775 0.0014401395433728847 -0.013665889830719468 0.01857077501656143 0.011019692400854812 -0.0019886432203446106 0.0044789586707805577 0.0029916886554474625 0
leaf_weight=4.307759959250701 1.1020304663106779 3.849665254354476 2.6765354778617612 1.6847780905663956 1.2362921694293607 0.96955418586730968 5.9677151069045058 0.80625527352094639 4.8635698407888412 6.8751787282526493 6.3001353768631816 1.0745366141200063 1.4667362868785858
leaf_count=34 27 23 15 10 10 4 45 2 13 27 85 3 4
internal_value=0.00197804 0.00387745 0.000979995 -4.29071e-05 -0.00359644 0.013686 -0.000326225 -0.00702103 0.00715899 -0.00308527 0.00215981 0 0
internal_weight=43.1807 34.129 27.843 25.1665 18.6182 6.28596 17.3819 6.77397 6.54835 9.05175 10.6079 7.94972 2.43629
internal_count=302 245 214 199 176 31 166 47 23 57 119 30 8
is_linear=0
shrinkage=0.0304053


Tree=145
num_leaves=18
num_cat=0
split_feature=35 34 90 166 1 363 166 107 2 436 363 363 157 107 189 437 2
split_gain=0.330845 0.43091 0.225357 1.81768 0.947081 1.41144 0.505319 0.499478 0.732178 0.492278 0.473516 0.332649 0.284195 0.207861 0.0263648 0.0221848 0.00290554
threshold=1.0000000180025095e-35 1.0000000180025095e-35 1.0000000180025095e-35 1.0000000180025095e-35 1.0000000180025095e-35 1.0000000180025095e-35 1.0000000180025095e-35 1.0000000180025095e-35 1.0000000180025095e-35 1.0000000180025095e-35 1.0000000180025095e-35 1.0000000180025095e-35 1.0000000180025095e-35 1.0000000180025095e-35 1.0000000180025095e-35 1.0000000180025095e-35 1.0000000180025095e-35
decision_type=2 2 2 2 2 2 2 2 2 2 2 2 2 2 2 2 2
left_child=1 2 3 4 5 9 7 8 11 -1 -5 -4 -10 -3 -9 -7 -2
right_child=16 13 6 10 -6 15 -8 14 12 -11 -12 -13 -14 -15 -16 -17 -18
leaf_value=-0.032540859542323733 0.018507779512359813 0.020014151844977131 0.021460736408154855 0.015799695440995683 0.00012722047164656896 -0.0025834152710765279 -0.01772703829471518 0 0.0035154279387511469 0 0 0 -0.015034284031814331 0 -0.011212677437054081 0 0
leaf_weight=3.9405063181184232 1.2967128306627265 1.5326733216643322 3.8131955899298164 2.6478164531290522 1.1984564401209352 3.0704519059509043 0.69518925249576646 0.78786866739392347 8.6351012848317605 0.15213876962661732 10.672963811084628 1.2055149674415586 0.68801426887512285 0.45669566094875325 0.68128219433128834 0.45719701051712025 1.1246087253093719
leaf_count=96 6 12 14 8 7 37 4 10 37 1 42 7 4 4 6 3 4
internal_value=0.00193331 0.000775404 0 -0.00193953 -0.0132121 -0.0178006 0.00275218 0.00485626 0.00734132 -0.0301403 0.00409903 0.0169925 0.000106397 0.014569 -0.00646976 0 0.0135094
internal_weight=43.0564 40.6351 38.6457 22.1395 8.81875 7.62029 16.5062 15.811 14.3418 4.09265 13.3208 5.01871 9.32312 1.98937 1.46915 3.52765 2.42132
internal_count=302 292 276 194 144 137 82 78 62 97 50 21 41 16 16 40 10
is_linear=0
shrinkage=0.0304053


Tree=146
num_leaves=14
num_cat=0
split_feature=39 168 198 441 33 90 47 170 111 226 48 185 363
split_gain=0.568787 0.302209 0.269017 0.564552 2.84258 1.85548 3.08547 0.737301 0.264256 0.381221 0.240766 0.195952 0.0342404
threshold=1.0000000180025095e-35 1.0000000180025095e-35 1.0000000180025095e-35 1.0000000180025095e-35 1.0000000180025095e-35 1.0000000180025095e-35 1.0000000180025095e-35 1.0000000180025095e-35 1.0000000180025095e-35 1.0000000180025095e-35 1.0000000180025095e-35 1.0000000180025095e-35 1.0000000180025095e-35
decision_type=2 2 2 2 2 2 2 2 2 2 2 2 2
left_child=1 2 3 4 5 6 -1 8 11 -10 -7 -5 -3
right_child=-2 12 -4 7 -6 10 -8 -9 9 -11 -12 -13 -14
leaf_value=-0.029121638956378378 0.019933609814976536 0 0.01340956836384307 -0.005792399566764082 0.033424388695814759 0.0015884527465222446 0.0201709456289649 -0.019369272507395723 0 0.024781625606990664 0.0219304552062357 0 0.016497526159012618
leaf_weight=4.5500369430519685 1.6603698804974545 0.47780695557594177 1.3624661862850178 9.695825869217515 2.4487920589745036 12.977928528562186 1.1145742833614347 2.8921334929764262 1.43518529087305 0.73872053623199452 0.93206632137298662 1.3940331190824515 1.2193057239055634
leaf_count=97 20 3 5 59 5 58 4 25 10 1 2 5 8
internal_value=0.00190961 0.00072226 0 -0.000291565 0.00231484 -0.000610828 -0.0160671 -0.00501963 -0.000456098 0.00687309 0.00432029 -0.00360609 0.0133054
internal_weight=42.8992 41.2389 39.5418 38.1793 22.0234 19.5746 5.66461 16.1559 13.2638 2.17391 13.91 11.0899 1.69711
internal_count=302 282 271 266 166 161 101 100 75 11 60 64 11
is_linear=0
shrinkage=0.0304053


Tree=147
num_leaves=15
num_cat=0
split_feature=62 9 188 107 324 441 103 356 99 4 99 157 17 157
split_gain=0.459471 0.918156 0.706419 0.822294 0.59848 0.401019 1.09677 0.239812 0.233551 0.22563 0.0947637 0.08741 0.0676943 0.059112
threshold=1.0000000180025095e-35 1.0000000180025095e-35 1.0000000180025095e-35 1.0000000180025095e-35 1.0000000180025095e-35 1.0000000180025095e-35 1.0000000180025095e-35 1.0000000180025095e-35 1.0000000180025095e-35 1.0000000180025095e-35 1.0000000180025095e-35 1.0000000180025095e-35 1.0000000180025095e-35 1.0000000180025095e-35
decision_type=2 2 2 2 2 2 2 2 2 2 2 2 2 2
left_child=2 -2 3 4 8 -3 -7 -4 11 -9 -5 -1 13 -6
right_child=1 5 7 10 12 6 -8 9 -10 -11 -12 -13 -14 -15
leaf_value=-6.3455094863109021e-05 -0.022821148749076304 0.011412569176424999 0 -0.016529149007807688 0.0041620648192813052 0 -0.032782596031531802 0.020008573515584101 0.0047755306547305641 0 0 -0.015468297540672811 0.016333876020629894 0
leaf_weight=9.4331442080438137 1.7959132129326443 2.4666664935648441 1.1096757501363743 2.1886506574228402 6.0064430823549628 3.710137814283371 0.9866118449717759 3.8754321485757828 5.3519947864115247 1.2219158411025999 0.47856146097183216 0.72703009098768312 3.1520369052886963 0.19179845042526711
leaf_count=63 34 9 5 27 84 9 5 23 16 3 4 5 13 2
internal_value=0.0019255 -0.00313071 0.00383125 0.000973216 0.0033269 0 -0.00323322 0.0134435 0 0.0162334 -0.0138356 -0.00303804 0.00941182 0.00282381
internal_weight=42.696 8.95933 33.7367 27.5297 24.8624 7.16342 4.69675 6.20702 15.5122 5.09735 2.66721 10.1602 9.35028 6.19824
internal_count=302 57 245 214 183 23 14 31 84 26 31 68 99 86
is_linear=0
shrinkage=0.0304053


Tree=148
num_leaves=14
num_cat=0
split_feature=62 9 267 61 31 2 99 167 436 2 35 103 324
split_gain=0.429907 0.884766 0.683885 2.08483 0.562468 2.40904 1.68464 0.971793 0.910724 0.353491 0.33251 0.0722939 0.0301209
threshold=1.0000000180025095e-35 1.0000000180025095e-35 1.0000000180025095e-35 1.0000000180025095e-35 1.0000000180025095e-35 1.0000000180025095e-35 1.0000000180025095e-35 1.0000000180025095e-35 1.0000000180025095e-35 1.0000000180025095e-35 1.0000000180025095e-35 1.0000000180025095e-35 1.0000000180025095e-35
decision_type=2 2 2 2 2 2 2 2 2 2 2 2 2
left_child=2 -2 4 -4 6 7 8 -6 12 -8 -7 -3 -1
right_child=1 11 3 -5 5 10 9 -9 -10 -11 -12 -13 -14
leaf_value=-0.023636851245980407 -0.022554645112909982 0.0032209275422421767 0.032143447372170911 -0.0020712460819539533 0.019964062952518954 -0.012991112954809711 0 0 0.0080713811488337724 0.012962617157670405 0 -0.0024743272354040128 -0.0063785963456634695
leaf_weight=3.2006630115210974 1.7624297137372176 5.4093877896666527 2.8745505213737479 1.7566924020648 8.2246136143803561 3.9294942766428003 1.6450489722192294 0.71176826953888017 0.70469584316015321 4.6166834980249405 1.1233247518539426 1.7433198895305393 4.8669427921995521
leaf_count=39 34 16 8 7 38 32 10 4 3 12 4 7 88
internal_value=0.00186957 -0.00299374 0.00372223 0.0150732 0.00125553 0.00603586 -0.00192991 0.0163194 -0.0115177 0.00846969 -0.00839413 0 -0.015584
internal_weight=42.5696 8.91514 33.6545 4.63124 29.0232 13.9892 15.034 8.93638 8.7723 6.26173 5.05282 7.15271 8.06761
internal_count=302 57 245 15 230 78 152 42 130 22 36 23 127
is_linear=0
shrinkage=0.0304053


Tree=149
num_leaves=12
num_cat=0
split_feature=35 34 188 33 170 363 33 107 189 168 107
split_gain=0.319396 0.386209 0.226847 1.62396 2.44195 0.840198 1.44761 0.596741 0.561806 0.269564 0.189812
threshold=1.0000000180025095e-35 1.0000000180025095e-35 1.0000000180025095e-35 1.0000000180025095e-35 1.0000000180025095e-35 1.0000000180025095e-35 1.0000000180025095e-35 1.0000000180025095e-35 1.0000000180025095e-35 1.0000000180025095e-35 1.0000000180025095e-35
decision_type=2 2 2 2 2 2 2 2 2 2 2
left_child=1 2 3 4 9 -4 -7 8 -6 -1 -3
right_child=-2 10 5 -5 7 6 -8 -9 -10 -11 -12
leaf_value=-0.019758443075095684 0.013172841728371349 0.019341159924459943 0.026315550383219598 0.019386567797597058 -0.005868571501879037 0.010116880501583764 -0.011370717326411988 -0.017977638547635344 0.0079506714284775949 0 0
leaf_weight=7.8311384208500421 2.3843204379081717 1.4631037414073933 1.313021868467328 2.651353031396865 2.0158869381993982 6.53033347427845 5.1766582019627094 1.0181800611317164 11.062059726566076 0.46544814109802235 0.45197901129722584
leaf_count=128 10 12 3 11 17 36 24 13 41 3 4
internal_value=0.00178286 0.000627786 0 -0.00173514 -0.0050859 0.00321147 0 0.00140397 0.00436797 -0.0183976 0.0139429
internal_weight=42.3635 39.9792 38.0641 25.0441 22.3927 13.02 11.707 14.0961 13.0779 8.29659 1.91508
internal_count=302 292 276 213 202 63 60 71 58 131 16
is_linear=0
shrinkage=0.0304053


Tree=150
num_leaves=16
num_cat=0
split_feature=34 382 48 324 441 167 4 321 328 279 41 104 226 157 188
split_gain=0.26562 0.379631 0.286882 0.342133 0.753456 0.48873 0.576326 0.341921 1.33584 0.268014 0.197464 0.131202 0.111908 0.599165 0.00701751
threshold=1.0000000180025095e-35 1.0000000180025095e-35 1.0000000180025095e-35 1.0000000180025095e-35 1.0000000180025095e-35 1.0000000180025095e-35 1.0000000180025095e-35 1.0000000180025095e-35 1.0000000180025095e-35 1.0000000180025095e-35 1.0000000180025095e-35 1.0000000180025095e-35 1.0000000180025095e-35 1.0000000180025095e-35 1.0000000180025095e-35
decision_type=2 2 2 2 2 2 2 2 2 2 2 2 2 2 2
left_child=1 2 3 7 5 6 -5 8 14 -2 -3 -9 13 -6 -1
right_child=9 10 -4 4 12 -7 -8 11 -10 -11 -12 -13 -14 -15 -16
leaf_value=-0.00075664291730080939 0.019815370765373392 -0.018645865700243975 0.019397808199041505 0.015929496137004749 0 0 0 0.016371737741150808 -0.027625658309338479 0 0 0 0.006081373946202482 -0.016397625686893128 0.00057009196019066081
leaf_weight=10.547966079786413 1.5299270041286934 1.2604874377138902 0.94739928841590781 7.7171877641230804 10.040666657499967 0.63327836245298463 0.37190858274698246 0.83164015971124239 1.9764417503029115 0.36040879786014546 0.14265966415405262 0.60769422352313995 1.6369308158755309 2.2167705222964278 1.3737155050039298
leaf_count=55 13 27 2 82 57 4 4 3 19 3 1 3 9 10 10
internal_value=0.00174988 0.000718627 0.00172083 0.000777987 0.00350384 0.0105671 0.0132755 -0.00200352 -0.00445085 0.0136745 -0.01351 0.00842317 0 -0.00186893 0
internal_weight=42.1951 40.3047 38.9016 37.9542 22.6167 8.72237 8.0891 15.3375 13.8981 1.89034 1.40315 1.43933 13.8944 12.2574 11.9217
internal_count=302 286 258 256 166 90 86 90 84 16 28 6 76 67 65
is_linear=0
shrinkage=0.0304053


Tree=151
num_leaves=16
num_cat=0
split_feature=34 382 48 324 441 167 4 321 328 437 104 103 61 61 188
split_gain=0.250317 0.357392 0.268378 0.316605 0.690542 0.466295 0.554148 0.323613 1.28395 0.192922 0.124462 0.0559514 0.853249 0.433645 0.00659636
threshold=1.0000000180025095e-35 1.0000000180025095e-35 1.0000000180025095e-35 1.0000000180025095e-35 1.0000000180025095e-35 1.0000000180025095e-35 1.0000000180025095e-35 1.0000000180025095e-35 1.0000000180025095e-35 1.0000000180025095e-35 1.0000000180025095e-35 1.0000000180025095e-35 1.0000000180025095e-35 1.0000000180025095e-35 1.0000000180025095e-35
decision_type=2 2 2 2 2 2 2 2 2 2 2 2 2 2 2
left_child=1 2 3 7 5 6 -5 8 14 -3 -9 12 -6 -13 -1
right_child=-2 9 -4 4 11 -7 -8 10 -10 -11 -12 13 -14 -15 -16
leaf_value=-0.00073350950720188902 0.013380304263717427 -0.018360027037606738 0.018788756708487564 0.015425241271603581 0.004125320105692081 0 0 0.015902318345655229 -0.027281705516239499 0 0 -0.014972817370679875 -0.028004901184177582 0 0.00055289607065481337
leaf_weight=10.549846422858529 1.8636694215238083 1.2415225617587555 0.94843685626983543 7.7270793141797167 10.052643791772422 0.63327836245298463 0.37190858274698246 0.83025395125150747 1.9410850405693061 0.14265966415405262 0.60769422352313995 2.0163239315152177 0.7850492540746935 1.038427606225014 1.3734600320458419
leaf_count=55 16 27 2 82 57 4 4 3 19 1 3 9 7 3 10
internal_value=0.00169944 0.000686227 0.00166936 0.000739339 0.00337278 0.0101269 0.0127977 -0.00191334 -0.00432724 -0.0131834 0.00814413 0 3.99736e-05 -0.00411256 0
internal_weight=42.1233 40.2597 38.8755 37.9271 22.6247 8.73227 8.09899 15.3023 13.8644 1.38418 1.43795 13.8924 10.8377 3.05475 11.9233
internal_count=302 286 258 256 166 90 86 90 84 28 6 76 64 12 65
is_linear=0
shrinkage=0.0304053


Tree=152
num_leaves=13
num_cat=0
split_feature=39 168 107 89 166 90 89 9 441 34 111 226
split_gain=0.536395 0.274352 0.258572 2.56266 1.79984 0.372272 0.538195 0.53602 0.514566 0.268963 0.359121 0.165896
threshold=1.0000000180025095e-35 1.0000000180025095e-35 1.0000000180025095e-35 1.0000000180025095e-35 1.0000000180025095e-35 1.0000000180025095e-35 1.0000000180025095e-35 1.0000000180025095e-35 1.0000000180025095e-35 1.0000000180025095e-35 1.0000000180025095e-35 1.0000000180025095e-35
decision_type=2 2 2 2 2 2 2 2 2 2 2 2
left_child=1 2 5 4 -4 6 9 -8 -7 10 -1 -10
right_child=-2 -3 3 -5 -6 8 7 -9 11 -11 -12 -13
leaf_value=-0.0095074710642453659 0.019409775419983118 0.012655410791972381 -0.019921450192402594 -0.05172728487339949 0.013448737937900511 0.0076200983010688084 0 0.018845690742963557 -0.012285545390706096 0.0014513364124847008 0 0
leaf_weight=9.7406208426691538 1.5908714607357968 1.6377540156245221 2.2701501101255408 0.95622016489505757 4.2102090492844582 13.691011248156427 0.44730355311185244 2.0191504806280136 1.2864953503012668 0.60661056637764055 2.6495525306090721 0.94073756039142598
leaf_count=115 20 11 36 4 13 55 11 5 9 3 16 4
internal_value=0.00164296 0.00047373 0 -0.00513701 0 0.00116691 -0.00130345 0.00949282 0.00475928 -0.00481465 -0.00665405 -0.00429829
internal_weight=42.0467 40.4558 38.8181 7.43658 6.48036 31.3815 15.4632 2.46645 15.9182 12.9968 12.3902 2.22723
internal_count=302 282 271 53 49 218 150 16 68 134 131 13
is_linear=0
shrinkage=0.0304053


Tree=153
num_leaves=15
num_cat=0
split_feature=35 97 188 33 17 48 111 33 103 17 103 444 104 1
split_gain=0.322146 0.366624 0.25105 1.69737 0.887981 1.61318 1.32164 0.668138 0.989954 0.112776 0.426229 0.060095 0.0439616 0.159055
threshold=1.0000000180025095e-35 1.0000000180025095e-35 1.0000000180025095e-35 1.0000000180025095e-35 1.0000000180025095e-35 1.0000000180025095e-35 1.0000000180025095e-35 1.0000000180025095e-35 1.0000000180025095e-35 1.0000000180025095e-35 1.0000000180025095e-35 1.0000000180025095e-35 1.0000000180025095e-35 1.0000000180025095e-35
decision_type=2 2 2 2 2 2 2 2 2 2 2 2 2 2
left_child=1 2 3 4 5 6 -1 8 -4 -9 -11 -5 13 -6
right_child=-2 -3 7 11 12 -7 -8 9 -10 10 -12 -13 -14 -15
leaf_value=-0.019223890963508621 0.012973234370418084 0.017250954708626424 0.015977461206303119 0 -0.0053218835166530297 0.019729691836550135 0.0067633743969897396 0 -0.013247375808602311 -0.025910610546156454 0 0.026005644962195516 0.0027212099211407158 0.0056012807789321073
leaf_weight=10.139037258923054 2.3667853325605384 1.1635540723800648 6.1341691287234408 1.1580882351845494 4.5033792378380895 0.92700906097889024 0.99435228016227561 4.232147216796875 0.58725326508283604 0.75603951886296283 1.3091662675142288 1.6052729934453964 5.4306639619171619 0.62956130132079113
leaf_count=147 10 8 33 8 33 2 5 13 4 9 4 6 18 2
internal_value=0.00161252 0.000452309 0 -0.0018176 -0.00523992 -0.0109341 -0.0151965 0.00337376 0.0105957 -0.00132132 -0.00746594 0.0193144 0 -0.000282144
internal_weight=41.9365 39.5697 38.4061 25.3874 22.624 12.0604 11.1334 13.0188 6.72142 6.29735 2.06521 2.76336 10.5636 5.13294
internal_count=302 292 284 221 207 154 152 63 37 26 13 14 53 35
is_linear=0
shrinkage=0.0304053


Tree=154
num_leaves=13
num_cat=0
split_feature=62 9 267 35 34 187 363 107 168 107 17 2
split_gain=0.423757 0.807603 0.720654 0.380392 0.366693 0.396236 0.329311 0.335356 0.282509 0.176114 0.12999 0.019077
threshold=1.0000000180025095e-35 1.0000000180025095e-35 1.0000000180025095e-35 1.0000000180025095e-35 1.0000000180025095e-35 1.0000000180025095e-35 1.0000000180025095e-35 1.0000000180025095e-35 1.0000000180025095e-35 1.0000000180025095e-35 1.0000000180025095e-35 1.0000000180025095e-35
decision_type=2 2 2 2 2 2 2 2 2 2 2 2
left_child=2 -2 3 4 5 8 -3 -8 10 -6 -1 -5
right_child=1 6 -4 11 9 -7 7 -9 -10 -11 -12 -13
leaf_value=-0.0062104222669835344 -0.022182567331864654 0.010215277731703172 0.015155926908497937 0.017821987986474639 0.018500928472627139 0.010094667819428157 -0.012842456137893645 0 0.0087339824859546372 0 0 0
leaf_weight=13.187311680056169 1.7079312694258968 2.4129122495651245 4.5533586479723445 1.2460151165723792 1.382958885282277 1.9964558221399773 2.1948263272643089 2.4532812833786011 0.82073911279439826 0.44232361763715733 8.2128466181457043 1.0963620096445084
leaf_count=146 34 9 15 6 12 14 8 6 6 4 38 4
internal_value=0.0016303 -0.00329209 0.00351741 0.000980257 0 -0.00106694 0 -0.00335611 -0.00292534 0.013053 -0.00426078 0.0127122
internal_weight=41.7073 8.76895 32.9384 28.385 26.0426 24.2174 7.06102 4.64811 22.2209 1.82528 21.4002 2.34238
internal_count=302 57 245 230 220 204 23 14 190 16 184 10
is_linear=0
shrinkage=0.0304053


Tree=155
num_leaves=12
num_cat=0
split_feature=62 9 188 33 157 61 363 103 224 324 61
split_gain=0.404424 0.777862 0.641495 0.693867 0.437646 0.359301 0.30741 0.950047 0.155618 0.294629 0.241618
threshold=1.0000000180025095e-35 1.0000000180025095e-35 1.0000000180025095e-35 1.0000000180025095e-35 1.0000000180025095e-35 1.0000000180025095e-35 1.0000000180025095e-35 1.0000000180025095e-35 1.0000000180025095e-35 1.0000000180025095e-35 1.0000000180025095e-35
decision_type=2 2 2 2 2 2 2 2 2 2 2
left_child=2 -2 3 4 8 -4 -3 -8 9 -1 -11
right_child=1 6 5 -5 -6 -7 7 -9 -10 10 -12
leaf_value=0 -0.021914256575439297 0.0099226306234830221 0.019052845300493348 0.016100825562132302 -0.015627233733286831 0 0 -0.030842689389282734 -0.0063083261700222493 0.0089759738296956246 0
leaf_weight=13.320627415087086 1.6767884702421705 2.4086885452270508 3.6009831838309756 2.5197456125169984 1.6531735295429815 2.3869810700416565 3.6783465892076492 0.96990584395825852 2.0638189334422341 6.9235311076045027 0.36540308035910118
leaf_count=74 34 9 23 15 13 8 9 5 13 91 8
internal_value=0.00162069 -0.00316232 0.00347142 0.000690435 -0.000126742 0.0127639 0 -0.00317172 0.000167611 0.00173813 0.00677466
internal_weight=41.568 8.73373 32.8343 26.8463 24.3266 5.98796 7.05694 4.64825 22.6734 20.6096 7.28893
internal_count=302 57 245 214 199 31 23 14 186 173 99
is_linear=0
shrinkage=0.0304053


Tree=156
num_leaves=15
num_cat=0
split_feature=35 97 34 267 189 1 188 444 371 17 107 31 9 89
split_gain=0.290971 0.331221 0.277837 0.385734 1.86052 1.64207 1.40693 0.704573 0.501336 2.18374 0.159849 0.123307 0.0971959 0.0127482
threshold=1.0000000180025095e-35 1.0000000180025095e-35 1.0000000180025095e-35 1.0000000180025095e-35 1.0000000180025095e-35 1.0000000180025095e-35 1.0000000180025095e-35 1.0000000180025095e-35 1.0000000180025095e-35 1.0000000180025095e-35 1.0000000180025095e-35 1.0000000180025095e-35 1.0000000180025095e-35 1.0000000180025095e-35
decision_type=2 2 2 2 2 2 2 2 2 2 2 2 2 2
left_child=1 2 3 4 5 6 -1 -7 9 -6 -4 12 -5 -14
right_child=-2 -3 10 11 8 7 -8 -9 -10 -11 -12 -13 13 -15
leaf_value=-0.030101884460603249 0.012494252944234662 0.016642757727004912 0.017456001279691238 0 -0.026845255274020471 -0.0035093119974948595 0 0.02411326018135591 0.0092323232161287076 0.0066402907380114897 0 0 0.0069696036213244992 0
leaf_weight=5.1836236300878227 2.3208050429821006 1.1284369789063919 1.2789926342666138 2.0242061167955354 2.4322832529433054 0.53527599200606313 2.0094311824068427 1.1572843194007874 6.2307389937341222 6.0821192115545273 0.44135982543230046 1.2999340370297439 6.6702669262886047 2.6795717775821686
leaf_count=118 10 8 10 18 24 6 16 2 30 23 4 5 21 7
internal_value=0.00155859 0.000424614 0 -0.000623756 -0.00333104 -0.0146601 -0.021733 0.00418255 0.00220968 -0.000700921 0.0118694 0.00292558 0.00442235 0.00577909
internal_weight=41.4743 39.1535 38.0251 36.3047 23.6308 8.88562 7.19305 1.69256 14.7451 8.5144 1.72035 12.674 11.374 9.34984
internal_count=302 292 284 270 219 142 134 8 77 47 14 51 46 28
is_linear=0
shrinkage=0.0304053


Tree=157
num_leaves=15
num_cat=0
split_feature=39 35 9 62 33 441 226 187 107 62 363 62 363 90
split_gain=0.493067 0.365677 0.239739 0.695033 0.984977 1.21157 0.991593 0.424866 0.179402 0.578939 1.72718 0.528075 0.361262 0.147514
threshold=1.0000000180025095e-35 1.0000000180025095e-35 1.0000000180025095e-35 1.0000000180025095e-35 1.0000000180025095e-35 1.0000000180025095e-35 1.0000000180025095e-35 1.0000000180025095e-35 1.0000000180025095e-35 1.0000000180025095e-35 1.0000000180025095e-35 1.0000000180025095e-35 1.0000000180025095e-35 1.0000000180025095e-35
decision_type=2 2 2 2 2 2 2 2 2 2 2 2 2 2
left_child=1 2 3 4 5 7 -7 -1 9 10 -4 -10 -11 -6
right_child=-2 -3 8 -5 13 6 -8 -9 11 12 -12 -13 -14 -15
leaf_value=-0.00079517585788852494 0.01892174140326822 0.012238638698221088 -0.0017801266488483053 -0.021617419632990645 0.020897915946086636 -0.027877929690540808 0 0.019634408087665641 -0.016266184601512846 0.0023768410243909638 0.023290976080949655 0.0037965567643139168 -0.012237763423947633 0
leaf_weight=11.839252030942596 1.5299577191472042 2.2976518273353568 3.1869609095156211 1.6416730051860202 1.8831489812582722 2.9056618786416943 0.85529915243387211 0.99686861038208086 1.6711490154266346 1.7050229571759703 4.3846125863492489 3.1436389982700348 2.1871686261147261 1.0401928350329399
leaf_count=120 20 10 15 34 7 35 4 2 9 7 18 8 8 5
internal_value=0.00155143 0.000403626 0 -0.00243829 0 -0.0036688 -0.0188939 0 0.00242578 0.004777 0.010234 0 -0.000962419 0.0153249
internal_weight=41.2683 39.7383 37.4406 21.1621 19.5204 16.5971 3.76096 12.8361 16.2786 11.4638 7.57157 4.81479 3.89219 2.92334
internal_count=302 282 272 207 173 161 39 122 65 48 33 17 15 12
is_linear=0
shrinkage=0.0304053


Tree=158
num_leaves=15
num_cat=0
split_feature=35 97 34 188 189 1 166 441 33 48 33 90 2 33
split_gain=0.258244 0.298881 0.254589 0.34171 1.8915 1.59019 0.983606 0.753095 1.23392 0.713487 0.639902 0.0301481 0.0265435 0.00276664
threshold=1.0000000180025095e-35 1.0000000180025095e-35 1.0000000180025095e-35 1.0000000180025095e-35 1.0000000180025095e-35 1.0000000180025095e-35 1.0000000180025095e-35 1.0000000180025095e-35 1.0000000180025095e-35 1.0000000180025095e-35 1.0000000180025095e-35 1.0000000180025095e-35 1.0000000180025095e-35 1.0000000180025095e-35
decision_type=2 2 2 2 2 2 2 2 2 2 2 2 2 2
left_child=1 2 3 4 5 6 -1 -5 -9 10 -6 -4 -2 -7
right_child=12 -3 11 7 9 13 -8 8 -10 -11 -12 -13 -14 -15
leaf_value=-0.02905252396997024 0.017109007778044999 0.016050775202171311 0.015006654165867545 0.024997840941308132 -0.0014118481238567366 0 0 0.0092982950467802826 -0.01084334356385323 0.03120459955128016 0.019319350383307142 0 0 0.0066589483778393055
leaf_weight=5.0351025471463799 1.1991601884365073 1.0964506268501271 1.1132850125432003 1.2611522972583742 12.359534784220156 1.1002426818013189 2.0617340952157974 6.2474772213026881 5.1035863403230906 0.76492851972580034 1.5164033100008971 0.56469099968671788 1.0759767666459084 0.56709325313568104
leaf_count=122 6 8 10 3 64 7 8 35 24 1 5 4 4 1
internal_value=0.00152342 0.000419517 0 -0.000575856 -0.00316436 -0.0147035 -0.0216989 0.00272199 0 0.00244763 0 0.0115301 0.0119861 0.00368712
internal_weight=41.0668 38.7917 37.6952 36.0173 23.405 8.76417 7.09684 12.6122 11.3511 14.6409 13.8759 1.67798 2.27514 1.66734
internal_count=302 292 284 270 208 138 130 62 59 70 69 14 10 8
is_linear=0
shrinkage=0.0304053


Tree=159
num_leaves=13
num_cat=0
split_feature=62 9 267 61 103 441 103 35 34 187 168 329
split_gain=0.380066 0.702921 0.624636 1.85901 0.348754 0.265114 0.877112 0.202745 0.245898 0.218336 0.0858227 0.0224742
threshold=1.0000000180025095e-35 1.0000000180025095e-35 1.0000000180025095e-35 1.0000000180025095e-35 1.0000000180025095e-35 1.0000000180025095e-35 1.0000000180025095e-35 1.0000000180025095e-35 1.0000000180025095e-35 1.0000000180025095e-35 1.0000000180025095e-35 1.0000000180025095e-35
decision_type=2 2 2 2 2 2 2 2 2 2 2 2
left_child=2 -2 4 -4 7 -3 -7 8 9 10 -1 -9
right_child=1 5 3 -5 -6 6 -8 11 -10 -11 -12 -13
leaf_value=-0.0022281597969082273 -0.021323148362972593 0.0092165700352550752 0.031142460795420265 -0.00096320329867099672 -0.013489297367805653 0 -0.029799502061460863 0.01683519948835285 0.011769361096151291 0.0095521928249680046 0.0031482069084068061 0
leaf_weight=20.121089238207805 1.6079366970807294 2.3715807870030403 2.7164418920874587 1.7347908131778238 1.1512766634114076 3.6655671447515488 0.9594648741185664 1.1819181889295569 1.701550506055354 1.9120224267244328 0.66189846396446128 1.0759767666459084
leaf_count=176 34 9 8 7 10 9 5 6 15 14 5 4
internal_value=0.00154374 -0.0030945 0.00336982 0.0143726 0.00092438 0 -0.00306318 0.00226059 0.000597914 0 -0.00114293 0.0118035
internal_weight=40.8615 8.60455 32.257 4.45123 27.8057 6.99661 4.62503 26.6545 24.3966 22.695 20.783 2.25789
internal_count=302 57 245 15 230 23 14 220 210 195 181 10
is_linear=0
shrinkage=0.0304053


Tree=160
num_leaves=11
num_cat=0
split_feature=39 436 111 214 99 90 166 437 2 188
split_gain=0.463209 0.169602 0.0872962 0.261491 0.295116 1.08706 0.567018 0.475156 0.171612 0.56032
threshold=1.0000000180025095e-35 1.0000000180025095e-35 1.0000000180025095e-35 1.0000000180025095e-35 1.0000000180025095e-35 1.0000000180025095e-35 1.0000000180025095e-35 1.0000000180025095e-35 1.0000000180025095e-35 1.0000000180025095e-35
decision_type=2 2 2 2 2 2 2 2 2 2
left_child=1 2 3 4 6 -6 7 -1 9 -4
right_child=-2 -3 8 -5 5 -7 -8 -9 -10 -11
leaf_value=-0.009376322965345428 0.018588383205913873 0.013212950071542327 -0.017761238569031869 0.0085912379565277197 -0.0082763608256934268 0.013759697729909913 0.0004246450313397127 0.0046980168173917057 0.017144697560272218 0.011150356387256422
leaf_weight=14.304766412824391 1.4916497655212868 0.92865492403507133 0.95013247802853551 2.233102709054946 2.961478315293788 4.460890918970108 10.161426231265068 0.69788543879985887 0.7939777523279189 1.7465216591954231
leaf_count=175 20 5 11 9 17 13 39 5 2 6
internal_value=0.00151788 0.000383832 0 -0.000387125 -0.00158575 0.00240997 -0.00351904 -0.00745534 0.00464857 0
internal_weight=40.7305 39.2388 38.3102 34.8196 32.5864 7.42237 25.1641 15.0027 3.49063 2.69665
internal_count=302 282 277 258 249 30 219 180 19 17
is_linear=0
shrinkage=0.0304053


Tree=161
num_leaves=13
num_cat=0
split_feature=39 35 168 198 441 170 324 170 321 107 2 214
split_gain=0.438681 0.326835 0.233621 0.29954 0.473739 0.90667 0.778031 1.96724 0.447981 0.28982 0.0118512 0.00237518
threshold=1.0000000180025095e-35 1.0000000180025095e-35 1.0000000180025095e-35 1.0000000180025095e-35 1.0000000180025095e-35 1.0000000180025095e-35 1.0000000180025095e-35 1.0000000180025095e-35 1.0000000180025095e-35 1.0000000180025095e-35 1.0000000180025095e-35 1.0000000180025095e-35
decision_type=2 2 2 2 2 2 2 2 2 2 2 2
left_child=1 2 3 4 6 11 7 -1 -7 -8 -3 -6
right_child=-2 10 -4 -5 5 8 9 -9 -10 -11 -12 -13
leaf_value=-0.032598761035422939 0.018346495857031613 0.016558122511522635 0.011342008198724737 0.012094241568319624 -0.0011617879195336049 -0.028435676065249455 0.010716621636634336 5.9280562051431372e-05 0 0 0 0
leaf_weight=1.8602790609002102 1.4657973982393731 1.1643366515636435 1.5134527757763852 1.2722546458244313 11.083884376101192 2.2040506619960065 7.2328745750710368 8.6936191394925117 0.29522289335727681 1.396791231818497 1.0836764425039291 1.3280968517065055
leaf_count=25 20 6 11 5 66 22 83 37 2 13 4 8
internal_value=0.00153386 0.00041757 0 -0.000769721 -0.00180756 -0.00604323 0.000495357 -0.00390478 -0.0234016 0.00807613 0.011717 -0.00101414
internal_weight=40.5943 39.1285 36.8805 35.3671 34.0948 14.9113 19.1836 10.5539 2.49927 8.62967 2.24801 12.412
internal_count=302 282 272 261 256 98 158 62 24 96 10 74
is_linear=0
shrinkage=0.0304053


Tree=162
num_leaves=14
num_cat=0
split_feature=35 97 321 356 90 2 324 48 17 226 170 2 19
split_gain=0.228488 0.260239 0.197808 0.391642 0.770971 0.260415 0.128423 1.15873 2.38632 0.305427 0.446865 0.00818406 0.00702868
threshold=1.0000000180025095e-35 1.0000000180025095e-35 1.0000000180025095e-35 1.0000000180025095e-35 1.0000000180025095e-35 1.0000000180025095e-35 1.0000000180025095e-35 1.0000000180025095e-35 1.0000000180025095e-35 1.0000000180025095e-35 1.0000000180025095e-35 1.0000000180025095e-35 1.0000000180025095e-35
decision_type=2 2 2 2 2 2 2 2 2 2 2 2 2
left_child=1 2 3 4 -1 -4 7 8 -5 10 -8 -2 -6
right_child=11 -3 5 6 12 -7 9 -9 -10 -11 -12 -13 -14
leaf_value=-0.018737936219292844 0.016286610021799684 0.015291449007916277 0 -0.029838762642058786 0 0.020387535383935649 0.0031405553721598131 0.030662276034478207 0.0018056226193847486 0.012500473070016772 -0.0090717939613028584 0 0.0034824448908809757
leaf_weight=3.064944409299641 1.1480500400066367 1.0580737516283978 0.62760033458471187 2.8719958774745464 2.6321170143783097 0.99867966026067734 14.209125550463801 0.76360404491424638 5.7037447318434715 2.4634596258401862 3.3140401728451243 1.0836764425039291 0.5332314372062682
leaf_count=98 6 8 5 21 23 3 69 1 24 12 27 4 1
internal_value=0.00152256 0.00044053 0 -0.000457698 -0.007645 0.0103777 0.000422271 -0.00149825 -0.006584 0.0022698 0 0.0115418 0
internal_weight=40.4723 38.2406 37.1825 35.5563 6.23029 1.62628 29.326 9.33934 8.57574 19.9866 17.5232 2.23173 3.16535
internal_count=302 292 284 276 122 8 154 46 45 108 96 10 24
is_linear=0
shrinkage=0.0304053


Tree=163
num_leaves=12
num_cat=0
split_feature=35 97 321 324 48 17 170 371 1 107 329
split_gain=0.216551 0.246783 0.183166 0.362438 1.38802 2.17542 0.864829 0.619327 0.577672 0.255651 0.00466935
threshold=1.0000000180025095e-35 1.0000000180025095e-35 1.0000000180025095e-35 1.0000000180025095e-35 1.0000000180025095e-35 1.0000000180025095e-35 1.0000000180025095e-35 1.0000000180025095e-35 1.0000000180025095e-35 1.0000000180025095e-35 1.0000000180025095e-35
decision_type=2 2 2 2 2 2 2 2 2 2 2
left_child=1 2 3 4 5 -1 -7 8 -5 -9 -2
right_child=10 -3 -4 7 -6 6 -8 9 -10 -11 -12
leaf_value=-0.024028244829828363 0.01601638726435339 0.015020823956557527 0.01003783553422103 -0.0022004146507136092 0.029826072305743266 -0.010554342296617213 0.011012115992609954 0.017434181644662757 0.019086805101038169 0 0
leaf_weight=5.0547077339142525 1.1322124451398841 1.0446405522525299 1.6199503988027562 18.238352045416839 0.76125174760818559 2.6537741580978036 4.150420755147934 2.7768991813063617 1.2209319733083237 0.61309748329222191 1.0836764425039291
leaf_count=54 6 8 8 160 1 24 10 13 4 10 4
internal_value=0.00153206 0.000461727 0 -0.000406176 -0.00491558 -0.00875273 0 0.00125371 0 0.0133924 0.0113698
internal_weight=40.3499 38.134 37.0894 35.4694 12.6202 11.8589 6.80419 22.8493 19.4593 3.39 2.21589
internal_count=302 292 284 276 89 88 34 187 164 23 10
is_linear=0
shrinkage=0.0304053


Tree=164
num_leaves=11
num_cat=0
split_feature=62 441 103 166 188 33 107 61 17 35
split_gain=0.371145 0.56856 0.64065 0.619213 0.563713 0.620092 0.726021 0.310834 0.21473 0.244276
threshold=1.0000000180025095e-35 1.0000000180025095e-35 1.0000000180025095e-35 1.0000000180025095e-35 1.0000000180025095e-35 1.0000000180025095e-35 1.0000000180025095e-35 1.0000000180025095e-35 1.0000000180025095e-35 1.0000000180025095e-35
decision_type=2 2 2 2 2 2 2 2 2 2
left_child=4 3 -3 -2 5 6 8 -6 9 -1
right_child=1 2 -4 -5 7 -7 -8 -9 -10 -11
leaf_value=-0.003701859153892532 -0.0053635648619216967 -5.678058034452219e-06 -0.030069151852058475 0.017546861261623282 0.018338269834191939 0.01561225621511716 -0.018046638678322527 0 0.0047770146847401513 0.0068108044816071536
leaf_weight=10.673069724347451 0.67003302415832711 4.6482004071585834 1.260061055421829 1.9722862020134926 3.4382146522402754 2.3928865641355506 2.0228990693576625 2.3651167452335358 8.9787057898938656 1.8246905058622367
leaf_count=125 14 28 10 5 23 15 28 8 38 8
internal_value=0.00153539 -0.00303258 -0.00964045 0.00455767 0.00336695 0.000643938 -7.37553e-05 0.0122394 0.000736955 -0.000646716
internal_weight=40.2462 8.55058 5.90826 2.64232 31.6956 25.8923 23.4994 5.80333 21.4765 12.4978
internal_count=302 57 38 19 245 214 199 31 171 133
is_linear=0
shrinkage=0.0304053


Tree=165
num_leaves=11
num_cat=0
split_feature=39 19 441 9 188 31 189 185 31 107
split_gain=0.422532 0.196938 0.22318 1.13294 0.657284 0.829525 1.5939 0.616422 0.170748 0.0374093
threshold=1.0000000180025095e-35 1.0000000180025095e-35 1.0000000180025095e-35 1.0000000180025095e-35 1.0000000180025095e-35 1.0000000180025095e-35 1.0000000180025095e-35 1.0000000180025095e-35 1.0000000180025095e-35 1.0000000180025095e-35
decision_type=2 2 2 2 2 2 2 2 2 2
left_child=1 2 4 7 5 6 -1 -4 -5 -7
right_child=-2 -3 3 8 -6 9 -8 -9 -10 -11
leaf_value=-0.02224741900983904 0.018114961451388349 0.012172617259092236 -0.018480633416267819 0.0046924270518235046 0.023898272016383011 0.0078751111877248172 0.0008874880249852004 0 -0.0020557077571034415 0
leaf_weight=3.5346303968690371 1.4410763084888447 1.2626007497310627 4.9396556452848026 9.1051521487534028 1.2168816328048695 8.3660085853189212 6.6943678818643093 1.4847385473549364 0.97748968005180437 1.0962243452668197
leaf_count=92 20 5 62 34 3 43 24 9 5 5
internal_value=0.00148527 0.000373548 0 -0.00266792 0.0020609 0 -0.0052543 -0.0131896 0.00215485 0.00715405
internal_weight=40.1188 38.6777 37.4151 16.507 20.9081 19.6912 10.229 6.42439 10.0826 9.46223
internal_count=302 282 277 110 167 164 116 71 39 48
is_linear=0
shrinkage=0.0304053


Tree=166
num_leaves=16
num_cat=0
split_feature=35 19 1 9 363 90 157 324 321 246 170 99 61 99 2
split_gain=0.19314 0.184253 0.224251 0.391859 0.617936 0.899758 0.339157 0.285105 0.248624 0.189426 0.112756 0.410633 0.16831 0.15426 0.00850831
threshold=1.0000000180025095e-35 1.0000000180025095e-35 1.0000000180025095e-35 1.0000000180025095e-35 1.0000000180025095e-35 1.0000000180025095e-35 1.0000000180025095e-35 1.0000000180025095e-35 1.0000000180025095e-35 1.0000000180025095e-35 1.0000000180025095e-35 1.0000000180025095e-35 1.0000000180025095e-35 1.0000000180025095e-35 1.0000000180025095e-35
decision_type=2 2 2 2 2 2 2 2 2 2 2 2 2 2 2
left_child=1 2 3 4 5 -1 -7 -4 9 -6 11 12 -5 -12 -2
right_child=14 -3 7 10 8 6 -8 -9 -10 -11 13 -13 -14 -15 -16
leaf_value=-0.0182842200852797 0.015527370146967754 0.011883870681961811 0 0.0055421121891095276 -0.015189481666301075 0.0064148174845740811 -0.0092866172930368748 0.019027168198412908 0 0 0 -0.010485499594596017 0 0.013779142282378205 0
leaf_weight=2.0752512770704934 1.1045360565185538 1.2541502118110646 0.78958866372704428 9.3030077368020976 5.4918329217471173 9.687135383486746 0.60020875185728151 1.2701649107038975 0.38602060917764891 0.31792277470231045 0.79715307056903761 2.2658460661768904 1.8121156692504889 1.7239669263362885 1.0716321244835854
leaf_count=85 6 5 10 42 61 46 4 6 3 4 5 10 7 4 4
internal_value=0.00148112 0.000434849 0 -0.000541853 -0.00396247 0 0.0036511 0.0097785 -0.0117976 -0.0137103 0.00225613 0 0.00342242 0.00856642 0.0109042
internal_weight=39.9505 37.7744 36.5202 34.4605 18.5584 12.3626 10.2873 2.05975 6.19578 5.80976 15.9021 13.381 11.1151 2.52112 2.17617
internal_count=302 292 287 271 203 135 50 16 68 65 68 59 49 9 10
is_linear=0
shrinkage=0.0304053


Tree=167
num_leaves=10
num_cat=0
split_feature=62 9 324 107 190 356 17 107 226
split_gain=0.358395 0.61648 0.433883 0.66824 0.548336 0.732201 0.119602 0.0444586 0.361093
threshold=1.0000000180025095e-35 1.0000000180025095e-35 1.0000000180025095e-35 1.0000000180025095e-35 1.0000000180025095e-35 1.0000000180025095e-35 1.0000000180025095e-35 1.0000000180025095e-35 1.0000000180025095e-35
decision_type=2 2 2 2 2 2 2 2 2
left_child=2 -2 6 4 5 -4 -1 8 -3
right_child=1 7 3 -5 -6 -7 -8 -9 -10
leaf_value=-0.0026120276606945618 -0.020582296546574098 -0.010339742506637366 0 0 0 0.018037708392280138 0.0026304879202200438 0.0033557430851288384 0.0060158125998839504
leaf_weight=8.7325475662946719 1.5296213994733969 2.8527288958430295 2.8583559673279524 4.1239377912133923 0.49764909595251161 7.8010227680206299 7.3641112968325606 3.113390140235424 0.95284962654113758
leaf_count=65 34 13 72 34 4 35 35 8 2
internal_value=0.00145282 -0.00306049 0.00327337 0.00694587 0.0110196 0.0132153 0 0 -0.00125651
internal_weight=39.8262 8.44859 31.3776 15.281 11.157 10.6594 16.0967 6.91897 3.80558
internal_count=302 57 245 145 111 107 100 23 15
is_linear=0
shrinkage=0.0304053


Tree=168
num_leaves=10
num_cat=0
split_feature=62 188 33 157 34 61 226 61 97
split_gain=0.330082 0.546238 0.585925 0.356819 0.805698 0.319621 0.201377 0.0944893 0.0438703
threshold=1.0000000180025095e-35 1.0000000180025095e-35 1.0000000180025095e-35 1.0000000180025095e-35 1.0000000180025095e-35 1.0000000180025095e-35 1.0000000180025095e-35 1.0000000180025095e-35 1.0000000180025095e-35
decision_type=2 2 2 2 2 2 2 2 2
left_child=1 2 3 7 -5 -3 -2 8 -1
right_child=6 5 -4 4 -6 -7 -8 -9 -10
leaf_value=0 -0.0059429554530984136 0.018132894788752033 0.015243711380451662 -0.030233947723180381 0 0 0 -0.0089569041720247485 0.0093667906962390662
leaf_weight=20.19020908558743 7.2885220800526422 3.3590992614626876 2.3459913507103911 1.174448600038885 0.39148151874542225 2.3460275530815125 1.1297176815569399 0.73836707510054012 0.77781698107719321
leaf_count=170 51 23 15 11 2 8 6 12 4
internal_value=0.00138529 0.00314621 0.000451979 -0.000224717 -0.0145279 0.0119116 -0.00291069 0 0.00115368
internal_weight=39.7417 31.3234 25.6183 23.2723 1.56593 5.70513 8.41824 21.7064 20.968
internal_count=302 245 214 199 13 31 57 186 174
is_linear=0
shrinkage=0.0304053


Tree=169
num_leaves=16
num_cat=0
split_feature=39 35 19 324 48 99 321 363 9 188 371 166 9 329 166
split_gain=0.399358 0.267539 0.199047 0.264707 1.27187 2.09649 2.38273 0.542831 0.705682 0.292498 0.624806 0.257459 0.201982 0.00327971 0.000372165
threshold=1.0000000180025095e-35 1.0000000180025095e-35 1.0000000180025095e-35 1.0000000180025095e-35 1.0000000180025095e-35 1.0000000180025095e-35 1.0000000180025095e-35 1.0000000180025095e-35 1.0000000180025095e-35 1.0000000180025095e-35 1.0000000180025095e-35 1.0000000180025095e-35 1.0000000180025095e-35 1.0000000180025095e-35 1.0000000180025095e-35
decision_type=2 2 2 2 2 2 2 2 2 2 2 2 2 2 2
left_child=1 2 3 4 5 6 -1 9 11 10 -5 -9 -7 -3 -10
right_child=-2 13 -4 7 -6 12 -8 8 14 -11 -12 -13 -14 -15 -16
leaf_value=-0.029365242577669714 0.017726024675910224 0.015236965775188547 0.011473944896016858 -0.0010869448072042061 0.028810317725805969 0.010468049292460115 0.0061084610739284223 -0.023236123982887425 0.00099877263400373838 0.023640764687576331 0.0152033333356943 0 0 0 0
leaf_weight=5.5887793209403718 1.4013170562684525 1.0885358303785315 1.2377429455518711 5.1904352176934481 0.75787705183029253 2.3480779379606247 1.3987722862511871 1.786133095622062 1.1028176937252272 1.2040286809206007 2.5917390510439873 2.0880733877420425 2.7624196968972683 1.0737680792808533 8.0502778440713882
leaf_count=61 20 6 5 86 1 6 7 32 10 3 12 15 10 4 24
internal_value=0.00137371 0.000277594 0 -0.000770949 -0.00448866 -0.00814971 -0.0195477 0.000537899 -0.00241673 0.00693338 0.00190208 -0.013701 0.00372259 0.0107523 0.00028785
internal_weight=39.6708 38.2695 36.1072 34.8694 12.8559 12.098 6.98755 22.0135 13.0273 8.9862 7.78217 3.87421 5.1105 2.1623 9.1531
internal_count=302 282 272 267 85 84 68 182 81 101 98 47 16 10 34
is_linear=0
shrinkage=0.0304053


Tree=170
num_leaves=16
num_cat=0
split_feature=39 62 9 324 48 99 90 321 198 2 376 29 363 103 203
split_gain=0.376558 0.178396 0.586255 0.32122 0.774901 0.65628 1.91926 0.870783 0.639529 0.28028 0.328094 0.238091 0.22606 0.777466 0.175084
threshold=1.0000000180025095e-35 1.0000000180025095e-35 1.0000000180025095e-35 1.0000000180025095e-35 1.0000000180025095e-35 1.0000000180025095e-35 1.0000000180025095e-35 1.0000000180025095e-35 1.0000000180025095e-35 1.0000000180025095e-35 1.0000000180025095e-35 1.0000000180025095e-35 1.0000000180025095e-35 1.0000000180025095e-35 1.0000000180025095e-35
decision_type=2 2 2 2 2 2 2 2 2 2 2 2 2 2 2
left_child=1 3 -3 4 5 7 -7 8 -1 10 11 14 -4 -14 -5
right_child=-2 2 12 9 -6 6 -8 -9 -10 -11 -12 -13 13 -15 -16
leaf_value=-0.016430553572339527 0.017481794748630566 -0.020195517615082394 0.008558829827541593 0.011561506718191358 0.028046582149330316 -0.027054439932352944 0.016245049064293141 0.0062968868711292519 0 0 0 0 0 -0.028316184301139042 0
leaf_weight=7.4174570520408416 1.3780863732099522 1.4905875185504536 2.3157521635293961 10.045145862735801 0.7549585700035103 1.0510844103991974 4.0469688177108765 1.3837096504867084 0.68177391588687886 2.7912880815565595 0.3611178398132332 0.29652578942477781 3.6515378206968307 0.94269249401986588 0.89374390337616283
leaf_count=64 20 34 9 95 1 6 10 6 2 24 2 6 9 5 9
internal_value=0.00140336 0.000322943 -0.00282399 0.00185134 -0.000111991 -0.00287682 0.00358554 -0.00835308 -0.0132011 0.00526336 0.00753052 0.00924778 0 -0.00291886 0.0103902
internal_weight=39.5024 38.1243 8.40057 29.7238 15.336 14.581 5.09805 9.48294 8.09923 14.3878 11.5965 11.2354 6.90998 4.59423 10.9389
internal_count=302 282 57 225 89 88 16 72 66 136 112 110 23 14 104
is_linear=0
shrinkage=0.0304053


Tree=171
num_leaves=13
num_cat=0
split_feature=39 62 188 107 89 90 324 33 321 90 107 224
split_gain=0.360278 0.16546 0.388667 1.24249 0.58533 0.492205 0.456454 0.346589 0.244916 0.25742 0.101297 0.0839934
threshold=1.0000000180025095e-35 1.0000000180025095e-35 1.0000000180025095e-35 1.0000000180025095e-35 1.0000000180025095e-35 1.0000000180025095e-35 1.0000000180025095e-35 1.0000000180025095e-35 1.0000000180025095e-35 1.0000000180025095e-35 1.0000000180025095e-35 1.0000000180025095e-35
decision_type=2 2 2 2 2 2 2 2 2 2 2 2
left_child=1 2 3 6 5 -4 8 -5 9 -1 -3 -8
right_child=-2 10 4 7 -6 -7 11 -9 -10 -11 -12 -13
leaf_value=-0.0089358813499462071 0.017237203064593535 -0.0058807473997739062 0.025617635401232217 -0.029183937985827867 0 0 0.0097464265226363013 0 0.0094568722643097129 0 0 0
leaf_weight=4.0386880817823156 1.3555305190384377 4.4730751561000925 2.2081709057092658 1.5944626224227239 1.4549222886562345 1.4135021269321444 6.4033014448359609 0.31280387938022602 1.5819433294236667 8.5128564201295376 3.8911939766258001 2.1272686589509249
leaf_count=34 20 34 10 25 4 7 86 2 7 38 23 12
internal_value=0.00137068 0.000304189 0.00179324 0 0.00946127 0.0165758 0.00219167 -0.0233331 0 -0.00259767 -0.00270311 0.00788744
internal_weight=39.3677 38.0122 29.6479 24.5713 5.0766 3.62167 22.6641 1.90727 14.1335 12.5515 8.36427 8.53057
internal_count=302 282 225 204 21 17 177 27 79 72 57 98
is_linear=0
shrinkage=0.0304053


Tree=172
num_leaves=13
num_cat=0
split_feature=62 9 188 33 157 34 61 441 226 35 324 61
split_gain=0.290178 0.565049 0.464994 0.563699 0.313289 0.7436 0.291711 0.213388 0.415175 0.17065 0.128539 0.112058
threshold=1.0000000180025095e-35 1.0000000180025095e-35 1.0000000180025095e-35 1.0000000180025095e-35 1.0000000180025095e-35 1.0000000180025095e-35 1.0000000180025095e-35 1.0000000180025095e-35 1.0000000180025095e-35 1.0000000180025095e-35 1.0000000180025095e-35 1.0000000180025095e-35
decision_type=2 2 2 2 2 2 2 2 2 2 2 2
left_child=2 -2 3 4 9 -6 -4 -3 -9 10 -1 -12
right_child=1 7 6 -5 5 -7 -8 8 -10 -11 11 -13
leaf_value=-0.0030604999329647705 -0.019889792667814415 0.0084334555680307451 0.017327551023531951 0.015057685067012463 -0.029220356560634431 0 0 -0.010211256946588665 0.0062292157471225892 0.0089005371208840979 0.0038439265095167275 -6.3066892718839168e-06
leaf_weight=10.712046150118127 1.4617317086085657 2.3133679777383804 3.247472781687974 2.315444838255643 1.1427421560510982 0.38056930899620045 2.3280868232250214 3.6358974557369947 0.95089225471019734 1.9882223829627026 8.2624253788962942 0.54604557901620943
leaf_count=65 34 9 23 15 11 2 8 12 2 9 102 10
internal_value=0.00133626 -0.00260828 0.00301709 0.00045581 -0.000189224 -0.0137968 0.0112511 0 -0.00266346 0 -5.25279e-05 0.00145001
internal_weight=39.2849 8.36189 30.9231 25.3475 23.0321 1.52331 5.57556 6.90016 4.58679 21.5087 19.5205 8.80847
internal_count=302 57 245 214 199 13 31 23 14 186 177 112
is_linear=0
shrinkage=0.0304053


Tree=173
num_leaves=12
num_cat=0
split_feature=39 35 19 267 189 168 97 62 48 363 99
split_gain=0.335624 0.269878 0.183429 0.323392 1.24267 1.195 0.742206 0.686544 0.594724 0.543426 0.413831
threshold=1.0000000180025095e-35 1.0000000180025095e-35 1.0000000180025095e-35 1.0000000180025095e-35 1.0000000180025095e-35 1.0000000180025095e-35 1.0000000180025095e-35 1.0000000180025095e-35 1.0000000180025095e-35 1.0000000180025095e-35 1.0000000180025095e-35
decision_type=2 2 2 2 2 2 2 2 2 2 2
left_child=1 2 3 4 5 6 -1 -5 10 -9 -6
right_child=-2 -3 -4 7 8 -7 -8 9 -10 -11 -12
leaf_value=-0.021154296909870061 0.016840625519398987 0.010789290753798281 0.011047204897400841 0.01282138296902928 -0.0042652014213180461 0.0057162717333910937 0 0.0081928142117023272 0.027390976416042802 -0.0079421522542323843 0.007170110320144479
leaf_weight=7.0023656110279262 1.3201178535819043 2.1643617823719969 1.2181817442178715 4.2502643987536413 8.6657545519992691 1.1738360077142713 0.38411396741867054 2.3095378540456295 0.7521887421607979 5.5850273594260216 4.3717605844140044
leaf_count=136 20 10 5 15 57 9 1 9 1 27 12
internal_value=0.00131316 0.000269554 0 -0.000772663 -0.00334358 -0.0127053 -0.0182038 0.00239494 0.00109234 -0.000816048 0
internal_weight=39.1975 37.8774 35.713 34.4948 22.35 8.56032 7.38648 12.1448 13.7897 7.89457 13.0375
internal_count=302 282 272 267 216 146 137 51 70 36 69
is_linear=0
shrinkage=0.0304053


Tree=174
num_leaves=13
num_cat=0
split_feature=39 35 19 321 324 48 17 441 9 371 104 2
split_gain=0.315208 0.254702 0.170155 0.232207 0.61124 1.49225 2.62402 0.60508 0.691952 0.257437 0.00826036 0.00235676
threshold=1.0000000180025095e-35 1.0000000180025095e-35 1.0000000180025095e-35 1.0000000180025095e-35 1.0000000180025095e-35 1.0000000180025095e-35 1.0000000180025095e-35 1.0000000180025095e-35 1.0000000180025095e-35 1.0000000180025095e-35 1.0000000180025095e-35 1.0000000180025095e-35
decision_type=2 2 2 2 2 2 2 2 2 2 2 2
left_child=1 2 3 4 5 6 -1 9 -9 -6 -5 -3
right_child=-2 11 -4 10 7 -7 -8 8 -10 -11 -12 -13
leaf_value=-0.031044858818643325 0.01659545647866521 0.014974345405934878 0.010778205338376198 0.012967724964993883 0.00018810457016675496 0.026678958401818199 0 -0.013832446231931892 0 0.016312254133774039 0 0
leaf_weight=4.0765701541677082 1.2992494404315937 1.0743922442197791 1.2108004540204991 0.8238949105143536 5.9225463746115565 0.74890166521072465 6.2031538309529424 3.8327667498961082 9.3501698020845652 2.6541962996125221 0.76795753836631775 1.0711032450199127
leaf_count=50 20 6 5 4 85 1 26 49 36 12 4 4
internal_value=0.00134833 0.000319076 0 -0.000689563 -0.0017435 -0.00774 -0.0121004 0.00042368 -0.00267204 0.00739486 0.00907617 0.010555
internal_weight=39.0357 37.7365 35.591 34.3802 32.7883 11.0286 10.2797 21.7597 13.1829 8.57674 1.59185 2.1455
internal_count=302 282 272 267 259 77 76 182 85 97 8 10
is_linear=0
shrinkage=0.0304053


Tree=175
num_leaves=14
num_cat=0
split_feature=62 9 2 31 167 324 31 329 17 329 441 103 376
split_gain=0.267445 0.524489 0.326679 1.02861 0.71139 0.413175 0.327653 0.227454 0.196583 0.523424 0.182561 0.722978 0.118169
threshold=1.0000000180025095e-35 1.0000000180025095e-35 1.0000000180025095e-35 1.0000000180025095e-35 1.0000000180025095e-35 1.0000000180025095e-35 1.0000000180025095e-35 1.0000000180025095e-35 1.0000000180025095e-35 1.0000000180025095e-35 1.0000000180025095e-35 1.0000000180025095e-35 1.0000000180025095e-35
decision_type=2 2 2 2 2 2 2 2 2 2 2 2 2
left_child=2 -2 3 5 -5 -1 8 -8 9 -4 -3 -12 -7
right_child=1 10 6 4 -6 12 7 -9 -10 -11 11 -13 -14
leaf_value=-0.012850254317660958 -0.01933657374525859 0.007964559277511855 0.0043194568374901304 0.01691332358728288 0 0.0042827047494536363 -0.011354630012978569 0 0.0072862999253939043 -0.022881078937385852 0 -0.027214935753768047 0
leaf_weight=2.0644065802916876 1.4117679409682731 2.3050876744091511 1.6903591882437488 7.6515889205038548 0.63197752088308323 8.1701861470937711 3.5031005386263132 1.0711032450199125 4.5735714584589005 0.86137002706527699 3.6735431402921677 0.93008236400783051 0.35858162492513734
leaf_count=33 34 9 14 39 4 100 32 4 13 4 9 5 2
internal_value=0.00139439 -0.00229777 0.00302025 0.00554722 0.0135968 0 0 -0.00726706 0.00293044 0 0 -0.00220474 0.00218299
internal_weight=38.8967 8.32048 30.5762 18.8767 8.28357 10.5932 11.6995 4.5742 7.1253 2.55173 6.90871 4.60363 8.52877
internal_count=302 57 245 178 43 135 67 36 31 18 23 14 102
is_linear=0
shrinkage=0.0304053


Tree=176
num_leaves=16
num_cat=0
split_feature=62 9 267 61 103 107 188 2 329 363 103 17 329 293 329
split_gain=0.247624 0.504358 0.441371 1.75102 0.296047 0.24994 0.325516 0.184636 0.46035 0.169838 0.687599 0.145633 0.258708 0.116576 0.046346
threshold=1.0000000180025095e-35 1.0000000180025095e-35 1.0000000180025095e-35 1.0000000180025095e-35 1.0000000180025095e-35 1.0000000180025095e-35 1.0000000180025095e-35 1.0000000180025095e-35 1.0000000180025095e-35 1.0000000180025095e-35 1.0000000180025095e-35 1.0000000180025095e-35 1.0000000180025095e-35 1.0000000180025095e-35 1.0000000180025095e-35
decision_type=2 2 2 2 2 2 2 2 2 2 2 2 2 2 2
left_child=2 -2 4 -4 5 7 -7 8 13 -3 -11 14 -13 -1 -9
right_child=1 9 3 -5 -6 6 -8 11 -10 10 -12 12 -14 -15 -16
leaf_value=0.0093553231548338719 -0.019067134293885787 0.0077346170243622406 0.030067967015994908 -0.0021571761472382271 -0.013014268948840781 -0.012230157167367053 0 0 -0.0098999457438338663 0 -0.026602828144003006 0 0.0090651837674584849 0 -0.0065484994240315852
leaf_weight=10.802645356860019 1.3885805788449923 2.301576379686594 2.5037316381931296 1.7239739708602426 1.0865638446994115 2.2961005191318686 0.53926635906100262 3.6693751458078623 0.47587886452674943 3.6735431402921677 0.92272556945681561 0.94693371653556813 4.0615196377038956 0.45979874208569604 1.9253778159618375
leaf_count=124 34 9 8 7 10 31 5 27 2 9 5 7 10 6 8
internal_value=0.00133206 -0.00218271 0.00291011 0.0124447 0.000651232 0.00199647 -0.0038877 0.0035935 0.00625408 0 -0.00204157 0 0.00434964 0.00862454 -0.00266756
internal_weight=38.7776 8.28643 30.4912 4.22771 26.2635 25.1769 2.83537 22.3415 11.7383 6.89785 4.59627 10.6032 5.00845 11.2624 5.59475
internal_count=302 57 245 15 230 220 36 184 132 23 14 52 17 130 35
is_linear=0
shrinkage=0.0304053


Tree=177
num_leaves=14
num_cat=0
split_feature=39 35 321 324 90 99 33 226 2 371 9 2 104
split_gain=0.306029 0.238013 0.156851 0.462657 1.19007 1.57371 1.16551 0.43978 0.482479 0.75042 0.441611 0.257495 0.00256945
threshold=1.0000000180025095e-35 1.0000000180025095e-35 1.0000000180025095e-35 1.0000000180025095e-35 1.0000000180025095e-35 1.0000000180025095e-35 1.0000000180025095e-35 1.0000000180025095e-35 1.0000000180025095e-35 1.0000000180025095e-35 1.0000000180025095e-35 1.0000000180025095e-35 1.0000000180025095e-35
decision_type=2 2 2 2 2 2 2 2 2 2 2 2 2
left_child=1 2 3 4 6 12 -1 8 9 -5 -10 -4 -6
right_child=-2 -3 11 7 5 -7 -8 -9 10 -11 -12 -13 -14
leaf_value=-0.031970430654457989 0.016326158612867306 0.010231633259271379 0 0 0 0.014575247193148273 0 0.013005234522913727 -0.022675103896804067 0.022326521792543179 0 0.019189033597694562 -0.017104944999589214
leaf_weight=2.543497785925863 1.2766989637166251 2.1166864335536948 0.61002760101109632 16.26041378453375 2.2320410944521427 3.7763349562883377 0.77622262202203263 2.55110128968954 1.6200103713199485 1.4293815046548832 0.2649477720260619 0.97718015313148499 2.2342916373163462
leaf_count=36 20 10 5 140 16 9 4 13 23 7 2 3 14
internal_value=0.00124436 0.000220487 0 -0.000813449 -0.00605969 0 -0.0214238 0.00107029 0 0.00106426 -0.0150231 0.00878571 -0.0120796
internal_weight=38.6688 37.3921 35.2755 33.6882 11.5624 8.24267 3.31972 22.1259 19.5748 17.6898 1.88496 1.58721 4.46633
internal_count=302 282 272 264 79 39 40 185 172 147 25 8 30
is_linear=0
shrinkage=0.0304053


Tree=178
num_leaves=14
num_cat=0
split_feature=39 168 19 441 9 170 188 170 37 31 62 363 104
split_gain=0.291335 0.140563 0.150351 0.364115 0.588836 0.743635 0.482978 0.935001 2.98513 0.0751527 0.0464887 0.0315034 0.0163704
threshold=1.0000000180025095e-35 1.0000000180025095e-35 1.0000000180025095e-35 1.0000000180025095e-35 1.0000000180025095e-35 1.0000000180025095e-35 1.0000000180025095e-35 1.0000000180025095e-35 1.0000000180025095e-35 1.0000000180025095e-35 1.0000000180025095e-35 1.0000000180025095e-35 1.0000000180025095e-35
decision_type=2 2 2 2 2 2 2 2 2 2 2 2 2
left_child=1 2 3 6 5 12 7 8 -1 10 -6 -3 -5
right_child=-2 11 -4 4 9 -7 -8 -9 -10 -11 -12 -13 -14
leaf_value=-0.031519374653476095 0.016080966159980579 0 0.010421522717566196 -0.0024106455432151598 0.0040830248175134304 -0.027229639665540484 0.021602406054176179 0.0046277000167876219 0.0097590054413170622 -0.0080712789393156698 0 0.01268913699192842 0
leaf_weight=3.1229192367754921 1.2570973988622416 0.39911350607871898 1.1919901818037022 2.6017356892116341 3.5905662886798382 2.0673882439732552 1.0462616980075825 13.605058978311718 2.3871614392846823 0.8041456639766692 4.1386471260339022 0.99629862606525421 1.3225381374359133
leaf_count=88 20 3 5 43 13 23 2 61 15 4 12 8 5
internal_value=0.00122867 0.000217236 0 -0.000516609 -0.0045664 -0.0118892 0.00145942 0 -0.010195 0 0.00147947 0.00970632 0
internal_weight=38.5309 37.2738 35.8784 34.6864 14.525 5.99166 20.1614 19.1151 5.51008 8.53336 7.72921 1.39541 3.92427
internal_count=302 282 271 266 100 71 166 164 103 29 25 11 48
is_linear=0
shrinkage=0.0304053


Tree=179
num_leaves=13
num_cat=0
split_feature=39 97 198 267 31 90 17 33 363 31 89 33
split_gain=0.275697 0.130806 0.138662 0.230465 0.931665 2.35622 0.792632 0.577715 0.392562 0.0882234 0.0821575 0.217369
threshold=1.0000000180025095e-35 1.0000000180025095e-35 1.0000000180025095e-35 1.0000000180025095e-35 1.0000000180025095e-35 1.0000000180025095e-35 1.0000000180025095e-35 1.0000000180025095e-35 1.0000000180025095e-35 1.0000000180025095e-35 1.0000000180025095e-35 1.0000000180025095e-35
decision_type=2 2 2 2 2 2 2 2 2 2 2 2
left_child=1 2 3 4 5 -1 -7 8 -6 10 -5 -12
right_child=-2 -3 -4 9 7 6 -8 -9 -10 -11 11 -13
leaf_value=-0.029484012326653052 0.015835941449085136 0.011796299491026006 0.010164459673980702 0.0052244083424014924 0.0020684025379777713 -0.010222433478102418 0.0089382197276781788 0.01904691488998965 -0.014839334543417782 0 0.010086799090229843 -0.0076477946449296057
leaf_weight=3.6039775460958472 1.2380684781819571 0.88089250773191352 1.1851482093334187 8.0406448058783955 8.3262773379683459 3.7007598700001836 4.3255934417247772 1.6375489979982383 1.4836937673389918 1.2456834539771087 1.0024170465767392 1.6849898993968964
leaf_count=108 20 5 5 37 49 29 14 5 16 5 4 5
internal_value=0.00123236 0.000232594 0 -0.000395394 -0.00260414 -0.00906966 0 0.00230666 0 0.00227566 0.00365795 0
internal_weight=38.3557 37.1176 36.2367 35.0516 23.0779 11.6303 8.02635 11.4475 9.80997 11.9737 10.7281 2.68741
internal_count=302 282 277 272 221 151 43 70 65 51 46 9
is_linear=0
shrinkage=0.0304053


Tree=180
num_leaves=13
num_cat=0
split_feature=39 35 168 19 363 324 99 9 47 188 226 363
split_gain=0.260758 0.216727 0.161591 0.208946 0.274196 0.524214 0.771035 0.518031 0.397405 0.158971 0.0471972 0.0281792
threshold=1.0000000180025095e-35 1.0000000180025095e-35 1.0000000180025095e-35 1.0000000180025095e-35 1.0000000180025095e-35 1.0000000180025095e-35 1.0000000180025095e-35 1.0000000180025095e-35 1.0000000180025095e-35 1.0000000180025095e-35 1.0000000180025095e-35 1.0000000180025095e-35
decision_type=2 2 2 2 2 2 2 2 2 2 2 2
left_child=1 2 3 4 5 6 -1 8 -6 -7 -9 -4
right_child=-2 -3 11 -5 7 9 -8 10 -10 -11 -12 -13
leaf_value=-0.012635562948066956 0.015591180546280184 0.0098469796974777236 0 0.0099123270038149469 -0.016491293573597007 0.0016482345102964192 0.0019257184488093524 -0.0010250687593336275 0 0.021097120910831293 0.0061520223306296643 0.01256947280690238
leaf_weight=5.3006619215011597 1.2195959445089091 2.087094083428382 0.39477354288101085 1.1785115003585804 4.3930131942033741 7.3912781048566103 4.7127891555428505 7.3818681742995977 1.1755799949169157 1.0312207341194151 0.94528201222419728 0.99065471440553665
leaf_count=49 20 10 3 5 61 96 15 26 5 2 2 8
internal_value=0.00123513 0.000247195 0 -0.000743358 -0.00171984 0 -0.00388761 -0.00501201 -0.0121914 0.00628924 0 0.00971014
internal_weight=38.2023 36.9827 34.8956 33.5102 32.3317 18.4359 10.0135 13.8957 5.56859 8.4225 8.32715 1.38543
internal_count=302 282 272 261 256 162 64 94 66 98 28 11
is_linear=0
shrinkage=0.0304053


Tree=181
num_leaves=14
num_cat=0
split_feature=35 168 321 324 48 17 198 90 363 166 226 40 329
split_gain=0.144274 0.132271 0.136649 0.279791 1.08936 1.71154 1.28042 0.545144 0.457872 0.185871 0.10487 0.0318747 0.00228245
threshold=1.0000000180025095e-35 1.0000000180025095e-35 1.0000000180025095e-35 1.0000000180025095e-35 1.0000000180025095e-35 1.0000000180025095e-35 1.0000000180025095e-35 1.0000000180025095e-35 1.0000000180025095e-35 1.0000000180025095e-35 1.0000000180025095e-35 1.0000000180025095e-35 1.0000000180025095e-35
decision_type=2 2 2 2 2 2 2 2 2 2 2 2 2
left_child=1 2 3 4 5 6 -1 -7 9 -5 -10 -3 -2
right_child=12 11 -4 8 -6 7 -8 -9 10 -11 -12 -13 -14
leaf_value=-0.029976383628015649 0.013809693709139889 0.012482784383005862 0.0086348422190667875 0.00092327571058027408 0.025471828874767479 -0.009216108183238458 0 0.0086420704541421058 -0.0034153793304589094 0.016813373898633462 0 0 0
leaf_weight=3.9392043743282521 1.0157166719436637 0.98668952286243328 1.56916760560125 6.626729185692966 0.74266302585601884 2.4410758465528488 0.66471996903419484 3.9663638472557068 11.513785880059002 2.0048335045576096 1.1603134684264667 0.38741549104452133 1.0546614676713943
leaf_count=52 6 8 8 94 1 24 2 10 78 6 6 3 4
internal_value=0.00126679 0.000257998 0 -0.000525783 -0.00463366 -0.00839382 -0.0226263 0 0.000849533 0.0068174 -0.00171732 0.00951657 0.00962615
internal_weight=38.0733 36.003 34.6289 33.0597 11.754 11.0114 4.60392 6.40744 21.3057 8.63156 12.6741 1.37411 2.07038
internal_count=302 292 281 273 89 88 54 34 184 100 84 11 10
is_linear=0
shrinkage=0.0304053


end of trees

feature_importances:
aph(3')-VIb=107
aac(6')-Ib=101
armA=97
blaKPC-3=87
dfrA12=78
blaKPC-2=71
blaSHV-11=70
aadA1=69
aac(3)-IIe=68
aph(3')-Ia=66
catA1=65
oqxA11=65
blaSHV=64
parC_S80I=63
catB=62
blaSHV-1=54
blaOXA-232=50
aadA16=46
aph(3'')-Ib=46
blaOXA-1=46
qacEdelta1=45
aph(3')-VI=42
oqxB=42
blaOXA-9=36
sul1=35
blaCTX-M=30
gyrA_D87N=30
aph(6)-Id=28
dfrA50=28
aac(3)-IId=27
tet(A)=27
aac(3)-IVa=26
dfrA27=23
arr-2=22
catB3=22
gyrA_D87A=22
blaTEM=21
blaOXA-48=20
oqxB20=20
dfrA1=18
qnrB1=18
qnrS1=17
blaCMY-4=16
blaCTX-M-14=16
gyrA_S83Y=16
mph(E)=16
mph(A)=15
dfrA14=14
oqxB19=14
floR=12
rmtF=12
sul2=12
blaOXA=10
dfrA15=10
msr(E)=10
blaSHV-12=9
ompK35_E42RfsTer47=9
blaCTX-M-15=8
aph(4)-Ia=7
catA2=7
ompK36_D135DGD=7
ble=6
cmlA5=6
ant(2'')-Ia=5
mrx(A)=5
rmtF1=5
gyrA_D87Y=4
gyrA_S83T=4
ompK35_R60LfsTer31=4
aac(6')-Il=3
ampC-Kaer=3
arr-3=3
blaOXA-10=3
blaSCO-1=3
cmlA1=3
fosA7=3
gyrA_D87G=3
ompK35_L14GfsTer11=3
qnrB4=3
tet(D)=3
aac(6')-Ib'=2
aadA2=2
blaSHV-26=2
ompK36_D135DD=2
oqxB25=2
sul3=2
arr=1
blaNDM-1=1
blaSHV_C-112A=1
blaTEM-1=1
dfrA5=1
estX-3=1
gyrA_S83F=1
gyrA_S83I=1
ompK35_D165AfsTer85=1
ompK36_T136TDT=1
qacE=1
qnrA6=1
sat2=1

parameters:
[boosting: gbdt]
[objective: binary]
[metric: binary_logloss]
[tree_learner: serial]
[device_type: cpu]
[data_sample_strategy: bagging]
[data: ]
[valid: ]
[num_iterations: 182]
[learning_rate: 0.0304053]
[num_leaves: 61]
[num_threads: 12]
[seed: 42]
[deterministic: 0]
[force_col_wise: 0]
[force_row_wise: 0]
[histogram_pool_size: -1]
[max_depth: 7]
[min_data_in_leaf: 3]
[min_sum_hessian_in_leaf: 0.001]
[bagging_fraction: 0.578009]
[pos_bagging_fraction: 1]
[neg_bagging_fraction: 1]
[bagging_freq: 0]
[bagging_seed: 400]
[bagging_by_query: 0]
[feature_fraction: 0.577997]
[feature_fraction_bynode: 1]
[feature_fraction_seed: 30056]
[extra_trees: 0]
[extra_seed: 12879]
[early_stopping_round: 0]
[early_stopping_min_delta: 0]
[first_metric_only: 0]
[max_delta_step: 0]
[lambda_l1: 0.624576]
[lambda_l2: 0.0025706]
[linear_lambda: 0]
[min_gain_to_split: 0]
[drop_rate: 0.1]
[max_drop: 50]
[skip_drop: 0.5]
[xgboost_dart_mode: 0]
[uniform_drop: 0]
[drop_seed: 17869]
[top_rate: 0.2]
[other_rate: 0.1]
[min_data_per_group: 100]
[max_cat_threshold: 32]
[cat_l2: 10]
[cat_smooth: 10]
[max_cat_to_onehot: 4]
[top_k: 20]
[monotone_constraints: ]
[monotone_constraints_method: basic]
[monotone_penalty: 0]
[feature_contri: ]
[forcedsplits_filename: ]
[refit_decay_rate: 0.9]
[cegb_tradeoff: 1]
[cegb_penalty_split: 0]
[cegb_penalty_feature_lazy: ]
[cegb_penalty_feature_coupled: ]
[path_smooth: 0]
[interaction_constraints: ]
[verbosity: -1]
[saved_feature_importance_type: 0]
[use_quantized_grad: 0]
[num_grad_quant_bins: 4]
[quant_train_renew_leaf: 0]
[stochastic_rounding: 1]
[linear_tree: 0]
[max_bin: 255]
[max_bin_by_feature: ]
[min_data_in_bin: 3]
[bin_construct_sample_cnt: 200000]
[data_random_seed: 175]
[is_enable_sparse: 1]
[enable_bundle: 1]
[use_missing: 1]
[zero_as_missing: 0]
[feature_pre_filter: 1]
[pre_partition: 0]
[two_round: 0]
[header: 0]
[label_column: ]
[weight_column: ]
[group_column: ]
[ignore_column: ]
[categorical_feature: ]
[forcedbins_filename: ]
[precise_float_parser: 0]
[parser_config_file: ]
[objective_seed: 16083]
[num_class: 1]
[is_unbalance: 1]
[scale_pos_weight: 1]
[sigmoid: 1]
[boost_from_average: 1]
[reg_sqrt: 0]
[alpha: 0.9]
[fair_c: 1]
[poisson_max_delta_step: 0.7]
[tweedie_variance_power: 1.5]
[lambdarank_truncation_level: 30]
[lambdarank_norm: 1]
[label_gain: ]
[lambdarank_position_bias_regularization: 0]
[eval_at: ]
[multi_error_top_k: 1]
[auc_mu_weights: ]
[num_machines: 1]
[local_listen_port: 12400]
[time_out: 120]
[machine_list_filename: ]
[machines: ]
[gpu_platform_id: -1]
[gpu_device_id: -1]
[gpu_device_id_list: ]
[gpu_use_dp: 0]
[num_gpu: 1]

end of parameters

pandas_categorical:[]
